"region","species","type","current_status","short_trend","short_trend_cat","long_trend","long_trend_cat","current_abundance","current_abundance_year","average_abundance","previous_gen_abundance","gen_length","regionspecies","nyears","rangeyears","datasetversion"
"Yukon","Chinook","Spawners",-0.53392645255526,-0.0315036346955455,"arrow-down",-0.00702715386969199,"arrow-down",21453,2025,46029,62197,6,"Yukon Chinook",44,"1982-2025","20260910"
"Yukon","Chinook","Run Size",-0.735184918030284,-0.0585071168138136,"arrow-down",-0.0352503440019041,"arrow-down",24775,2025,93555,82521,6,"Yukon Chinook",44,"1982-2025","20260910"
"Yukon","Chum","Spawners",-0.739213375166611,-0.209104415802775,"arrow-down",0.0158035538345784,"arrow-up",19813,2025,75973,53812,4,"Yukon Chum",46,"1980-2025","20260910"
"Yukon","Chum","Run Size",-0.840036929432426,-0.249513404357696,"arrow-down",-0.0509185968593305,"arrow-down",20284,2025,126804,73101,4,"Yukon Chum",25,"2001-2025","20260910"
"Yukon","Coho","Spawners",NA,NA,NA,NA,NA,NA,NA,NA,NA,NA,NA,NA,NA,"20260910"
"Yukon","Coho","Run Size",NA,NA,NA,NA,NA,NA,NA,NA,NA,NA,NA,NA,NA,"20260910"
"Northern Transboundary","Chinook","Spawners",-0.379106741476353,-0.0390592922879306,"arrow-down",-0.0130341706964687,"arrow-down",34683,2025,55860,23753,5,"Northern Transboundary Chinook",50,"1976-2025","20260910"
"Northern Transboundary","Chinook","Run Size",-0.452060948541617,-0.0650682696672261,"arrow-down",-0.0102391828388114,"arrow-down",37748,2025,68892,28412,5,"Northern Transboundary Chinook",50,"1976-2025","20260910"
"Northern Transboundary","Chum","Spawners",-0.442319557715731,-0.0598706525244213,"arrow-down",-0.0499697375051844,"arrow-down",130,2025,233,68,4,"Northern Transboundary Chum",42,"1984-2025","20260910"
"Northern Transboundary","Chum","Run Size",NA,NA,NA,NA,NA,NA,NA,NA,NA,4,NA,NA,NA,"20260910"
"Northern Transboundary","Coho","Spawners",-0.14098136932243,-0.0253316174217124,"arrow-down",0.00479665493086645,"arrows-left-right",67222,2025,78255,64531,5,"Northern Transboundary Coho",39,"1987-2025","20260910"
"Northern Transboundary","Coho","Run Size",-0.175864719695649,-0.0298112100490898,"arrow-down",-0.0118383328448802,"arrow-down",92334,2025,112038,86459,5,"Northern Transboundary Coho",34,"1992-2025","20260910"
"Northern Transboundary","Pink","Spawners",-0.663236455288674,-0.283477026135069,"arrow-down",-0.0273176134766482,"arrow-down",3015,2025,8953,7046,2,"Northern Transboundary Pink",42,"1984-2025","20260910"
"Northern Transboundary","Pink","Run Size",NA,NA,NA,NA,NA,NA,NA,NA,NA,2,NA,NA,NA,"20260910"
"Northern Transboundary","Sockeye","Spawners",0.465451876670452,0.0247444737628897,"arrow-up",0.00473996387906728,"arrow-up",206440,2025,140871,132378,5,"Northern Transboundary Sockeye",42,"1984-2025","20260910"
"Northern Transboundary","Sockeye","Run Size",0.035001325454053,-0.0128867611846635,"arrow-down",0.00150815308196472,"arrows-left-right",330835,2025,319647,257579,5,"Northern Transboundary Sockeye",42,"1984-2025","20260910"
"Northern Transboundary","Steelhead","Spawners",-0.188302678693844,-0.0542142354728095,"arrow-down",-0.0181275672221944,"arrow-down",37,2025,46,17,5,"Northern Transboundary Steelhead",39,"1987-2025","20260910"
"Northern Transboundary","Steelhead","Run Size",NA,NA,NA,NA,NA,NA,NA,NA,NA,5,NA,NA,NA,"20260910"
"Haida Gwaii","Chinook","Spawners",0.108317343315335,0.118771944384241,"arrows-left-right",0.0056147547855212,"arrow-up",1800,2025,1624,NA,5,"Haida Gwaii Chinook",81,"1935-2025","20260910"
"Haida Gwaii","Chinook","Run Size",NA,NA,NA,NA,NA,NA,NA,NA,NA,5,NA,NA,NA,"20260910"
"Haida Gwaii","Chum","Spawners",-0.739730049682709,-0.0719042234255429,"arrow-down",-0.0175875593829283,"arrow-down",67251,2024,258388,160386,5,"Haida Gwaii Chum",75,"1950-2024","20260910"
"Haida Gwaii","Chum","Run Size",NA,NA,NA,NA,NA,NA,NA,NA,NA,5,NA,NA,NA,"20260910"
"Haida Gwaii","Coho","Spawners",-0.77644256790858,-0.136748171458719,"arrow-down",-0.0124119635090043,"arrow-down",16894,2024,75571,53013,4,"Haida Gwaii Coho",75,"1950-2024","20260910"
"Haida Gwaii","Coho","Run Size",NA,NA,NA,NA,NA,NA,NA,NA,NA,4,NA,NA,NA,"20260910"
"Haida Gwaii","Pink","Spawners",0.251635470857736,0.0198342750158378,"arrows-left-right",-0.00395787997350727,"arrows-left-right",425554,2024,339998,143224,2,"Haida Gwaii Pink",75,"1950-2024","20260910"
"Haida Gwaii","Pink","Run Size",NA,NA,NA,NA,NA,NA,NA,NA,NA,2,NA,NA,NA,"20260910"
"Haida Gwaii","Sockeye","Spawners",0.142364036592367,-0.0143601888590256,"arrows-left-right",-0.00476125519418136,"arrow-down",40249,2024,35233,32785,5,"Haida Gwaii Sockeye",75,"1950-2024","20260910"
"Haida Gwaii","Sockeye","Run Size",NA,NA,NA,NA,NA,NA,NA,NA,NA,5,NA,NA,NA,"20260910"
"Haida Gwaii","Steelhead","Spawners",NA,NA,NA,NA,NA,NA,NA,NA,NA,NA,NA,NA,NA,"20260910"
"Haida Gwaii","Steelhead","Run Size",NA,NA,NA,NA,NA,NA,NA,NA,NA,NA,NA,NA,NA,"20260910"
"Nass","Chinook","Spawners",-0.0199951229882734,-0.0064071311497852,"arrows-left-right",-0.00363038461112575,"arrows-left-right",16543,2025,16881,10702,5,"Nass Chinook",51,"1975-2025","20260910"
"Nass","Chinook","Run Size",-0.0581485867954825,-0.0036799090719053,"arrows-left-right",-2.22706046373311e-05,"arrows-left-right",21836,2025,23184,16442,5,"Nass Chinook",51,"1975-2025","20260910"
"Nass","Chum","Spawners",0.9257370866364,0.194642061022439,"arrow-up",-0.0107685658858194,"arrow-down",85056,2025,44168,60503,4,"Nass Chum",76,"1950-2025","20260910"
"Nass","Chum","Run Size",0.956833669041634,0.191501939653362,"arrow-up",-0.0282986559626593,"arrow-down",99764,2025,50982,71087,4,"Nass Chum",34,"1992-2025","20260910"
"Nass","Coho","Spawners",0.650636471946924,0.0243614544275363,"arrows-left-right",0.0264528190373965,"arrow-up",211823,2025,128328,116254,4,"Nass Coho",34,"1992-2025","20260910"
"Nass","Coho","Run Size",0.446674596016005,-0.00645207768212253,"arrows-left-right",0.0186323269361306,"arrow-up",399423,2025,276097,235274,4,"Nass Coho",34,"1992-2025","20260910"
"Nass","Pink","Spawners",4.38797076326662,0.337947067291885,"arrow-up",0.0231548698174993,"arrow-up",1388898,2025,257778,1023237,2,"Nass Pink",76,"1950-2025","20260910"
"Nass","Pink","Run Size",1.75628855606527,0.345554054219481,"arrow-up",0.00411903848658768,"arrows-left-right",1550765,2025,562628,1133442,2,"Nass Pink",34,"1992-2025","20260910"
"Nass","Sockeye","Spawners",0.598308795382038,0.03530393719265,"arrow-up",0.00221432256164933,"arrows-left-right",419516,2025,262475,236298,5,"Nass Sockeye",44,"1982-2025","20260910"
"Nass","Sockeye","Run Size",-0.0839019220650413,-0.00510935957037406,"arrows-left-right",-0.0144521504373075,"arrow-down",607238,2025,662852,356348,5,"Nass Sockeye",44,"1982-2025","20260910"
"Nass","Steelhead","Spawners",0.0625610899760704,-0.0424542655551584,"arrow-down",0.0213410957096525,"arrow-up",12057,2025,11347,12920,5,"Nass Steelhead",34,"1992-2025","20260910"
"Nass","Steelhead","Run Size",-0.0727400336915262,-0.0478452971980889,"arrow-down",0.00544363955134641,"arrows-left-right",16451,2025,17741,15996,5,"Nass Steelhead",34,"1992-2025","20260910"
"Skeena","Chinook","Spawners",-0.45138570098078,-0.0650530282776636,"arrow-down",-0.0172089919279336,"arrow-down",24708,2025,45036,29812,6,"Skeena Chinook",42,"1984-2025","20260910"
"Skeena","Chinook","Run Size",NA,NA,NA,NA,NA,NA,NA,NA,NA,6,NA,NA,NA,"20260910"
"Skeena","Chum","Spawners",-0.835869294442563,-0.153635021982184,"arrow-down",-0.023066903272608,"arrow-down",1876,2024,11427,3202,5,"Skeena Chum",75,"1950-2024","20260910"
"Skeena","Chum","Run Size",NA,NA,NA,NA,NA,NA,NA,NA,NA,5,NA,NA,NA,"20260910"
"Skeena","Coho","Spawners",-0.129825635651231,-0.0457308088423142,"arrow-down",-0.00902134417715195,"arrow-down",76465,2024,87874,74365,4,"Skeena Coho",75,"1950-2024","20260910"
"Skeena","Coho","Run Size",NA,NA,NA,NA,NA,NA,NA,NA,NA,4,NA,NA,NA,"20260910"
"Skeena","Pink","Spawners",2.93994057243737,1.59425820904972,"arrow-up",-0.00389218539810365,"arrows-left-right",4215882,2024,1070037,1621123,2,"Skeena Pink",75,"1950-2024","20260910"
"Skeena","Pink","Run Size",NA,NA,NA,NA,NA,NA,NA,NA,NA,2,NA,NA,NA,"20260910"
"Skeena","Sockeye","Spawners",0.727974940817441,0.0350906282669852,"arrow-up",0.0087167466263296,"arrow-up",1704656,2024,986505,950032,5,"Skeena Sockeye",65,"1960-2024","20260910"
"Skeena","Sockeye","Run Size",0.139537659497719,0.0155363786782001,"arrows-left-right",0.00200874262174588,"arrows-left-right",2367527,2024,2077621,1411025,5,"Skeena Sockeye",65,"1960-2024","20260910"
"Skeena","Steelhead","Spawners",-0.436060024728066,-0.089793592717363,"arrow-down",0.00661329580132608,"arrow-up",12200,2025,21634,23697,5,"Skeena Steelhead",70,"1956-2025","20260910"
"Skeena","Steelhead","Run Size",NA,NA,NA,NA,NA,NA,NA,NA,NA,5,NA,NA,NA,"20260910"
"Central Coast","Chinook","Spawners",0.0721019851554886,0.0200740888294899,"arrows-left-right",0.0109029211928018,"arrow-up",17899,2025,16696,18882,5,"Central Coast Chinook",51,"1975-2025","20260910"
"Central Coast","Chinook","Run Size",NA,NA,NA,NA,NA,NA,NA,NA,NA,5,NA,NA,NA,"20260910"
"Central Coast","Chum","Spawners",-0.283612506714819,-0.0816500216979711,"arrow-down",-0.00713713792341031,"arrow-down",432964,2024,604372,277568,4,"Central Coast Chum",75,"1950-2024","20260910"
"Central Coast","Chum","Run Size",NA,NA,NA,NA,NA,NA,NA,NA,NA,4,NA,NA,NA,"20260910"
"Central Coast","Coho","Spawners",-0.0129514100006775,-0.0349186321362971,"arrow-down",-0.00620495422899703,"arrow-down",188355,2024,190826,135050,4,"Central Coast Coho",75,"1950-2024","20260910"
"Central Coast","Coho","Run Size",NA,NA,NA,NA,NA,NA,NA,NA,NA,4,NA,NA,NA,"20260910"
"Central Coast","Pink","Spawners",1.1157878881739,0.248105863003217,"arrows-left-right",0.00946976747284056,"arrow-up",5433519,2024,2568083,2710272,2,"Central Coast Pink",75,"1950-2024","20260910"
"Central Coast","Pink","Run Size",NA,NA,NA,NA,NA,NA,NA,NA,NA,2,NA,NA,NA,"20260910"
"Central Coast","Sockeye","Spawners",0.0510928092692756,0.0570745288628327,"arrow-up",-0.0135027474325327,"arrow-down",492916,2024,468955,378763,5,"Central Coast Sockeye",75,"1950-2024","20260910"
"Central Coast","Sockeye","Run Size",NA,NA,NA,NA,NA,NA,NA,NA,NA,5,NA,NA,NA,"20260910"
"Central Coast","Steelhead","Spawners",NA,NA,NA,NA,NA,NA,NA,NA,NA,NA,NA,NA,NA,"20260910"
"Central Coast","Steelhead","Run Size",NA,NA,NA,NA,NA,NA,NA,NA,NA,NA,NA,NA,NA,"20260910"
"East Vancouver Island & Mainland Inlets","Chinook","Spawners",2.78933256297285,0.129178111485362,"arrow-up",0.0152376944273509,"arrow-up",30432,2025,8031,18126,4,"East Vancouver Island & Mainland Inlets Chinook",47,"1979-2025","20260910"
"East Vancouver Island & Mainland Inlets","Chinook","Run Size",2.59836279768012,0.128009351030388,"arrow-up",0.0171964459507006,"arrow-up",34517,2025,9592,20459,4,"East Vancouver Island & Mainland Inlets Chinook",51,"1975-2025","20260910"
"East Vancouver Island & Mainland Inlets","Chum","Spawners",-0.492255256085136,-0.113943474525251,"arrow-down",0.00548181070416942,"arrow-up",418121,2024,823487,704910,4,"East Vancouver Island & Mainland Inlets Chum",72,"1953-2024","20260910"
"East Vancouver Island & Mainland Inlets","Chum","Run Size",NA,NA,NA,NA,NA,NA,NA,NA,NA,4,NA,NA,NA,"20260910"
"East Vancouver Island & Mainland Inlets","Coho","Spawners",0.161725021084837,0.000960639495578786,"arrows-left-right",-0.00444461262905005,"arrow-down",307337,2024,264553,220956,4,"East Vancouver Island & Mainland Inlets Coho",72,"1953-2024","20260910"
"East Vancouver Island & Mainland Inlets","Coho","Run Size",NA,NA,NA,NA,NA,NA,NA,NA,NA,4,NA,NA,NA,"20260910"
"East Vancouver Island & Mainland Inlets","Pink","Spawners",2.69385885122986,0.325572836093434,"arrow-up",0.0203334872741125,"arrow-up",4174842,2024,1130212,2439691,2,"East Vancouver Island & Mainland Inlets Pink",72,"1953-2024","20260910"
"East Vancouver Island & Mainland Inlets","Pink","Run Size",NA,NA,NA,NA,NA,NA,NA,NA,NA,2,NA,NA,NA,"20260910"
"East Vancouver Island & Mainland Inlets","Sockeye","Spawners",-0.0955302639885857,0.0026045247924773,"arrows-left-right",-0.00964273073939581,"arrow-down",100162,2024,110741,102746,5,"East Vancouver Island & Mainland Inlets Sockeye",72,"1953-2024","20260910"
"East Vancouver Island & Mainland Inlets","Sockeye","Run Size",NA,NA,NA,NA,NA,NA,NA,NA,NA,5,NA,NA,NA,"20260910"
"East Vancouver Island & Mainland Inlets","Steelhead","Spawners",-0.414329372820874,-0.0599730227772914,"arrow-down",-0.0236208775146991,"arrow-down",664,2026,1134,743,5,"East Vancouver Island & Mainland Inlets Steelhead",51,"1976-2026","20260910"
"East Vancouver Island & Mainland Inlets","Steelhead","Run Size",NA,NA,NA,NA,NA,NA,NA,NA,NA,5,NA,NA,NA,"20260910"
"West Vancouver Island","Chinook","Spawners",0.526949943361739,0.0361358085983259,"arrow-up",0.026849332822533,"arrow-up",19535,2025,12793,17794,4,"West Vancouver Island Chinook",41,"1985-2025","20260910"
"West Vancouver Island","Chinook","Run Size",0.467094475977496,0.0686716163896426,"arrow-up",-0.000205374751038989,"arrows-left-right",355233,2023,242134,297638,4,"West Vancouver Island Chinook",39,"1985-2023","20260910"
"West Vancouver Island","Chum","Spawners",-0.410059781080315,-0.0790048769990136,"arrow-down",0.00564142212654173,"arrow-up",291791,2025,494611,344032,4,"West Vancouver Island Chum",73,"1953-2025","20260910"
"West Vancouver Island","Chum","Run Size",NA,NA,NA,NA,NA,NA,NA,NA,NA,4,NA,NA,NA,"20260910"
"West Vancouver Island","Coho","Spawners",0.07009566971308,-0.0698103810845007,"arrow-down",0.00838325174039456,"arrow-up",105135,2025,98248,171600,4,"West Vancouver Island Coho",73,"1953-2025","20260910"
"West Vancouver Island","Coho","Run Size",NA,NA,NA,NA,NA,NA,NA,NA,NA,4,NA,NA,NA,"20260910"
"West Vancouver Island","Pink","Spawners",-0.901793712017152,0.41305693237424,"arrow-up",-0.0867548488682841,"arrow-down",852,2025,8679,586,2,"West Vancouver Island Pink",73,"1953-2025","20260910"
"West Vancouver Island","Pink","Run Size",NA,NA,NA,NA,NA,NA,NA,NA,NA,2,NA,NA,NA,"20260910"
"West Vancouver Island","Sockeye","Spawners",0.240219639401481,-0.0289809520185543,"arrows-left-right",0.00519003764163561,"arrow-up",496665,2025,400465,306241,5,"West Vancouver Island Sockeye",49,"1977-2025","20260910"
"West Vancouver Island","Sockeye","Run Size",0.121076596550605,-0.0381243858342543,"arrows-left-right",-0.00922618230742167,"arrow-down",785232,2025,700427,445068,5,"West Vancouver Island Sockeye",49,"1977-2025","20260910"
"West Vancouver Island","Steelhead","Spawners",-0.310718956343335,-0.0654110246156172,"arrow-down",-0.00889277102009578,"arrow-down",426,2025,618,364,5,"West Vancouver Island Steelhead",51,"1975-2025","20260910"
"West Vancouver Island","Steelhead","Run Size",NA,NA,NA,NA,NA,NA,NA,NA,NA,5,NA,NA,NA,"20260910"
"Fraser","Chinook","Spawners",0.596506532632019,0.0250527852611229,"arrows-left-right",0.0034113432410634,"arrows-left-right",368747,2025,230971,167916,5,"Fraser Chinook",42,"1984-2025","20260910"
"Fraser","Chinook","Run Size",0.513424950062695,0.0197855415122985,"arrows-left-right",0.00291994640287419,"arrows-left-right",403010,2025,266290,192231,5,"Fraser Chinook",42,"1984-2025","20260910"
"Fraser","Chum","Spawners",-0.0406846993921846,-0.0386087922323772,"arrows-left-right",-0.0340697241370599,"arrow-down",1088052,2025,1134196,508944,4,"Fraser Chum",30,"1996-2025","20260910"
"Fraser","Chum","Run Size",-0.0996094754585398,-0.0552988845604553,"arrow-down",-0.0307429750338466,"arrow-down",1133166,2025,1258527,554698,4,"Fraser Chum",30,"1996-2025","20260910"
"Fraser","Coho","Spawners",1.15377927931344,0.114150055517964,"arrow-up",-0.00578190867813921,"arrows-left-right",86619,2025,40217,54640,4,"Fraser Coho",42,"1984-2025","20260910"
"Fraser","Coho","Run Size",0.511457320440481,0.0989140329786091,"arrow-up",-0.0378248710739354,"arrow-down",98599,2025,65234,64514,4,"Fraser Coho",42,"1984-2025","20260910"
"Fraser","Pink","Spawners",2.73364571874734,0.226194869608865,"arrows-left-right",0.0361266763589201,"arrow-up",17695303,2025,4739417,9542025,2,"Fraser Pink",34,"1959-2025","20260910"
"Fraser","Pink","Run Size",0.972494728552957,0.235799795478904,"arrows-left-right",0.0121238072150143,"arrow-up",18909506,2025,9586594,10513292,2,"Fraser Pink",34,"1959-2025","20260910"
"Fraser","Sockeye","Spawners",0.603975410072744,-0.048238107532364,"arrows-left-right",0.00954064473955274,"arrow-up",1699036,2025,1059266,898601,4,"Fraser Sockeye",133,"1893-2025","20260910"
"Fraser","Sockeye","Run Size",-0.349637080282611,-0.0736656882914473,"arrow-down",-0.000596402616591885,"arrows-left-right",2957318,2025,4547181,1580923,4,"Fraser Sockeye",133,"1893-2025","20260910"
"Fraser","Steelhead","Spawners",-0.793543876940435,-0.131043282668509,"arrow-down",-0.0248300520865085,"arrow-down",275,2026,1331,295,5,"Fraser Steelhead",55,"1972-2026","20260910"
"Fraser","Steelhead","Run Size",NA,NA,NA,NA,NA,NA,NA,NA,NA,5,NA,NA,NA,"20260910"
"Columbia","Chinook","Spawners",-999999,0.0814442736031493,"arrow-up",0.0584239056759381,"arrow-up",27,2025,23,30,5,"Columbia Chinook",20,"2006-2025","20260910"
"Columbia","Chinook","Run Size",NA,NA,NA,NA,NA,NA,NA,NA,NA,5,NA,NA,NA,"20260910"
"Columbia","Sockeye","Spawners",1.37363194743292,-0.020500609683347,"arrows-left-right",0.0249538349022886,"arrow-up",52924,2025,22297,40891,4,"Columbia Sockeye",65,"1961-2025","20260910"
"Columbia","Sockeye","Run Size",3.09367653632319,-0.0180328488988114,"arrows-left-right",0.0505720692313711,"arrow-up",291477,2025,71202,142064,4,"Columbia Sockeye",46,"1980-2025","20260910"
"Columbia","Steelhead","Spawners",-999999,-0.150208112815182,"arrow-down",-0.13773914779002,"arrow-down",4,2025,18,16,5,"Columbia Steelhead",20,"2006-2025","20260910"
"Columbia","Steelhead","Run Size",NA,NA,NA,NA,NA,NA,NA,NA,NA,5,NA,NA,NA,"20260910"
