"paste(locationid, channel)","avg_release","release_site_name","release_stage","channel","species_name"
"1246 TRUE",67658947,"Fulton Channel #2","Chan Fry",TRUE,"Sockeye"
"1218 TRUE",43222238.1111111,"Pinkut Channel","Chan Fry",TRUE,"Sockeye"
"450 TRUE",18168855.75,"Little Qualicum River","Chan Fry",TRUE,"Chum"
"470 TRUE",9296573.5,"Big Qualicum Channel #2","Chan Fry",TRUE,"Chum"
"1164 TRUE",7957931,"Nadina River","Chan Fry",TRUE,"Sockeye"
"474 TRUE",7347856.1,"Big Qualicum River","Chan Fry",TRUE,"Chum"
"391 TRUE",6209851.75,"Weaver Spwaning Channel","Chan Fry",TRUE,"Chum, Pink, Sockeye"
"53 FALSE",2834793.76666667,"Nitinat Lake","Smolt 1+, Seapen, Seapen 0+, Smolt 0+, Fed Fry",FALSE,"Chinook, Chum"
"630 FALSE",2404356,"Moutcha Bay","Seapen 0+",FALSE,"Chinook"
"328 TRUE",2399274,"Chehalis River","Chan Fry",TRUE,"Chum"
"418 FALSE",2281935.48148148,"Robertson Creek","Smolt 1+, Smolt 0+, Fed Fry, Unfed",FALSE,"Chinook, Coho"
"1307 FALSE",2132313,"Tahltan Lake","Fed Fry",FALSE,"Sockeye"
"50 FALSE",2067543.48275862,"Nitinat River","Smolt 0+, Fed Fry, Smolt 1+, Unfed",FALSE,"Chinook, Chum, Coho"
"691 FALSE",1871069.17647059,"Quinsam River","Smolt 1+, Fed Fry, Unfed, Smolt 0+",FALSE,"Coho, Pink, Chinook"
"1012 FALSE",1859074.33333333,"Nooklikonnik Creek","Fed Fry",FALSE,"Chum"
"1013 FALSE",1797872,"Fish Creek + Airport Channel","Fed Fry",FALSE,"Chum"
"450 FALSE",1722333.33333333,"Little Qualicum River","Smolt 0+, Fed Fry",FALSE,"Chinook, Coho"
"1309 FALSE",1320282,"Tatsamenie Lake","Fed Fry",FALSE,"Sockeye"
"121 FALSE",1294423,"Powers Creek","Fed Fry",FALSE,"Sockeye"
"840 TRUE",1150664.5,"Gates Creek","Chan Fry",TRUE,"Sockeye"
"1005 FALSE",1125195.8,"Thorsen + Noohalk Creek","Fed Fry",FALSE,"Chum, Coho"
"1016 FALSE",1017117.0625,"Snootli Creek","Fed Fry, Unfed",FALSE,"Chum, Coho"
"474 FALSE",1015082.41176471,"Big Qualicum River","Smolt 1+, Smolt 0+, Fed Fry",FALSE,"Sockeye, Coho, Chinook, Chum"
"634 FALSE",932996.528301887,"Conuma River","Fed Fry, Seapen 2+, Fed Fall, Seapen, Seapen 0+, Seapen 1+",FALSE,"Chum, Chinook, Coho"
"479 FALSE",877725.5,"Nile Creek","Unfed",FALSE,"Pink"
"143 FALSE",855606.75,"Okanagan River","Fed Fry, Smolt 1+, Unfed",FALSE,"Chinook, Sockeye"
"589 FALSE",844508.507936508,"Puntledge River","Fed Fry, Unfed, Smolt 0+, Eyed Egg, Smolt 1+",FALSE,"Chum, Chinook, Coho, Pink"
"328 FALSE",785906.25,"Chehalis River","Fed Fry, Smolt 1+, Unfed",FALSE,"Chum, Coho, Pink, Steelhead"
"1172 FALSE",777336.23255814,"Kitimat River","Smolt 0+, Fed Fry, Smolt 1+, Smolt 2+",FALSE,"Chinook, Chum, Coho, Steelhead"
"851 FALSE",739156.25,"Alert Bay","Seapen",FALSE,"Chum"
"695 FALSE",715130.846153846,"Campbell River","Smolt 1+, Smolt 0+, Unfed",FALSE,"Coho, Chinook"
"547 FALSE",666124.333333333,"A Patterson Channel","Fed Fry, Fed Fall",FALSE,"Sockeye"
"1017 FALSE",586388.52173913,"Saloompt River","Fed Fry, Smolt 0+, Unfed",FALSE,"Chum, Chinook, Coho"
"613 FALSE",541111.5,"Tlupana River","Fed Fry",FALSE,"Chum"
"267 FALSE",532162.375,"Siddle Creek","Fed Fry",FALSE,"Chum"
"1007 FALSE",530655.8,"Atnarko River Lower","Smolt 0+, Fed Fry, Smolt 1+",FALSE,"Chinook, Chum, Sockeye"
"773 FALSE",527192.222222222,"Discovery Pass","Seapen 0+",FALSE,"Chinook"
"637 FALSE",512238.7,"Canton Creek","Fed Fry, Seapen",FALSE,"Chum"
"638 FALSE",506909.125,"Sucwoa River","Fed Fry",FALSE,"Chum"
"271 TRUE",506708,"Harrison River","Chan Fry",TRUE,"Chum"
"564 FALSE",498057.285714286,"Comox Lake","Fed Fry",FALSE,"Coho"
"659 FALSE",474162.409090909,"Sliammon River","Unfed, Fed Fry",FALSE,"Chum, Coho"
"227 FALSE",467850.142857143,"Inch Creek","Fed Fry, Unfed, Smolt 1+",FALSE,"Chum, Coho"
"981 FALSE",454202.066666667,"McLoughlin Bay","Fed Fry, Smolt 1+, Seapen, Seapen 1+",FALSE,"Chum, Coho"
"556 FALSE",450578,"Corbold Creek","Fed Fry",FALSE,"Sockeye"
"190 FALSE",383816.647058824,"Chilliwack River","Smolt 0+, Fed Fry, Unfed, Smolt 1+",FALSE,"Chinook, Chum, Coho, Steelhead"
"402 FALSE",345688.583333333,"Englishman River","Smolt 0+, Fed Fry, Unfed",FALSE,"Chinook, Pink"
"654 FALSE",332110.25,"Muchalat Lake","Smolt 0+, Seapen 0+",FALSE,"Chinook"
"225 FALSE",325774.5,"Gallows Point","Unfed, Seapen",FALSE,"Chum, Pink"
"1028 FALSE",319289.909090909,"Trout Bay","Fed Fry, Smolt 1+, Seapen, Seapen 1+",FALSE,"Chum, Coho"
"844 FALSE",314177.730769231,"Nimpkish River Lower","Smolt 0+, Fed Fry, Unfed",FALSE,"Chinook, Chum, Coho"
"325 FALSE",306055.714285714,"Alouette River North","Fed Fry",FALSE,"Chum"
"836 FALSE",301715.333333333,"Marble River","Fed Fry, Unfed, Smolt 0+",FALSE,"Coho, Chinook"
"262 FALSE",300147.5,"Brandon Island","Fed Fry, Seapen",FALSE,"Pink"
"1310 FALSE",276289.166666667,"Trapper Lake","Fed Fry",FALSE,"Sockeye"
"542 FALSE",262419,"Slough Creek","Fed Fry",FALSE,"Sockeye"
"641 FALSE",260615.4,"Paradise Channel Upper","Unfed, Fed Fry",FALSE,"Pink, Coho"
"514 FALSE",252885.1875,"Wilfred Creek (Coal)","Fed Fry, Unfed, Smolt 1+, Fed Fall",FALSE,"Chum, Coho, Pink"
"232 FALSE",250025,"Chilqua Creek","Fed Fry",FALSE,"Chum"
"2 FALSE",240410.571428571,"Sooke River","Fed Fry, Smolt 0+, Seapen 0+, Unfed, Smolt 1+",FALSE,"Chinook, Coho"
"102 FALSE",234297.333333333,"Sarita River","Smolt 0+, Fed Fry",FALSE,"Chinook"
"25 FALSE",230106.625,"Fairy Lake","Smolt 0+, Fed Fry, Seapen 0+",FALSE,"Chinook"
"555 FALSE",229411.6,"Burman Estuary","Seapen 0+, Seapen",FALSE,"Chinook"
"665 FALSE",226018.083333333,"Tahsis River","Fed Fry, Seapen 0+",FALSE,"Chinook, Coho"
"570 FALSE",217309.090909091,"Sakinaw Lake","Fed Fry, Smolt 1+, Fed Fall",FALSE,"Sockeye"
"271 FALSE",214059.4,"Harrison River","Smolt 0+, Fed Fry, Unfed",FALSE,"Chinook, Chum, Coho"
"895 FALSE",210898.166666667,"Shuswap River Lower","Unfed, Fed Fry, Smolt 0+",FALSE,"Chinook"
"115 FALSE",209995.090909091,"Haslam Lake","Fed Fry",FALSE,"Chinook, Coho"
"210 FALSE",202075.285714286,"Luckakuck Creek","Unfed",FALSE,"Chum"
"590 FALSE",199797,"Squamish Estuary","Seapen",FALSE,"Chum"
"277 FALSE",197130.25,"Evans Creek","Unfed, Fed Fry",FALSE,"Chinook, Chum, Coho"
"217 FALSE",196143.285714286,"Atchelitz Creek","Unfed",FALSE,"Chum"
"202 FALSE",194674.475,"Nanaimo River","Smolt 0+, Unfed, Fed Fry, Smolt 1+",FALSE,"Chinook, Chum, Coho, Pink"
"58 FALSE",187269.464285714,"Cowichan River","Smolt 0+, Fed Fry, Eyed Egg",FALSE,"Chinook, Chum, Coho"
"627 FALSE",184098.517241379,"Lang Creek","Fed Fry",FALSE,"Chum, Coho"
"1027 FALSE",174885.25,"Kitasoo Creek","Fed Fry, Smolt 1+, Fed Fall",FALSE,"Chum, Coho"
"116 FALSE",171678.375,"Salmon Creek/Southwest Vancouver Island","Fed Fry",FALSE,"Chum"
"749 FALSE",171367.571428571,"Woss Lake","Smolt 0+",FALSE,"Chinook"
"583 FALSE",171032,"Stawamus River","Fed Fry",FALSE,"Chum, Coho"
"205 FALSE",170641.5,"Nicomen Slough","Fed Fry",FALSE,"Chum"
"852 FALSE",166353.666666667,"Orford Bay","Fed Fry",FALSE,"Chum"
"669 FALSE",165656.333333333,"Quinsam Lake","Fed Fry",FALSE,"Coho, Chinook"
"148 FALSE",161379.75,"Haslam Creek","Fed Fry",FALSE,"Coho"
"672 FALSE",156664,"Iron River","Eyed Egg",FALSE,"Chinook"
"964 FALSE",147835.647058824,"Wannock Estuary","Smolt 0+, Seapen 0+, Fed Fry",FALSE,"Chinook"
"686 FALSE",147441,"Cold Creek","Smolt 0+",FALSE,"Chinook"
"640 FALSE",147202.060606061,"Tenderfoot Creek","Unfed, Smolt 1+, Fed Fry",FALSE,"Chinook, Chum, Coho"
"657 FALSE",144318.537037037,"Oyster River","Smolt 0+, Fed Fry, Smolt 1+, Unfed",FALSE,"Chinook, Coho, Chum, Pink"
"163 FALSE",142699.466666667,"Salwein Creek","Fed Fry, Smolt 1+",FALSE,"Chum, Coho, Steelhead"
"1285 FALSE",139025.666666667,"Takla Lake","Fed Fall, Fed Fry",FALSE,"Sockeye"
"166 FALSE",136116.25,"Hopedale Channel","Fed Fry",FALSE,"Chum, Coho"
"808 FALSE",135545.416666667,"Nicola River","Smolt 1+, Fed Fry",FALSE,"Coho, Chinook"
"309 FALSE",135152.8,"Somass River","Smolt 1+, Seapen 0+, Fed Fry",FALSE,"Steelhead, Chinook, Chum"
"248 FALSE",134030.333333333,"Newcastle Island","Seapen",FALSE,"Pink"
"168 FALSE",129996.777777778,"Usher Channel","Fed Fry",FALSE,"Chum"
"586 FALSE",127500,"Little Stawamus Creek","Fed Fry",FALSE,"Chum"
"716 FALSE",125000,"Olsen Creek","Fed Fry",FALSE,"Sockeye"
"390 FALSE",123330.42,"Capilano River Upper","Unfed, Fed Fry, Smolt 1+, Smolt 2+",FALSE,"Chum, Coho, Pink, Steelhead"
"825 FALSE",110090,"Nimpkish Lake","Smolt 0+",FALSE,"Chinook"
"400 FALSE",109096,"Great Central Lake","Smolt 1+",FALSE,"Chinook"
"841 FALSE",108511,"Phillips Lake","Smolt 0+, Fed Fry",FALSE,"Chinook"
"615 FALSE",107020.333333333,"Horse Creek","Fed Fry",FALSE,"Chum"
"10 FALSE",105869,"Esquimalt Harbour","Smolt 0+",FALSE,"Chinook"
"1140 FALSE",100269.375,"Yakoun River","Smolt 0+, Smolt 1+",FALSE,"Chinook, Coho"
"164 FALSE",100024.666666667,"Street Pond","Fed Fry",FALSE,"Chum"
"554 FALSE",1e+05,"Fish Hatchery Creek","Fed Fry",FALSE,"Sockeye"
"609 FALSE",1e+05,"Hop Ranch Creek","Fed Fry",FALSE,"Chum"
"718 FALSE",99962,"Elaho River","Fed Fry, Smolt 1+, Unfed",FALSE,"Chinook, Pink"
"809 FALSE",99669.2777777778,"Shuswap River Middle","Smolt 1+, Smolt 0+, Eyed Egg, Fed Fry",FALSE,"Chinook"
"371 FALSE",98870.5957446808,"Seymour River/Strait of Georgia Mainland","Fed Fry, Smolt 1+, Unfed",FALSE,"Chum, Coho, Pink, Steelhead"
"191 FALSE",97422.2857142857,"Street Creek","Fed Fry",FALSE,"Chum, Coho"
"223 FALSE",97059.8,"Norrish Creek","Smolt 1+",FALSE,"Coho"
"920 FALSE",95708,"Bond Sound","Seapen",FALSE,"Chum"
"7 FALSE",92392.5714285714,"Young Lake","Fed Fry",FALSE,"Coho"
"142 FALSE",90720.4545454545,"Barrett Creek","Fed Fry",FALSE,"Chum, Coho"
"420 FALSE",90412.5,"Horne Lake","Fed Fry",FALSE,"Coho"
"1259 FALSE",90073.3333333333,"Forfar Creek","Fed Fry",FALSE,"Sockeye"
"853 FALSE",90000,"Orford River","Unfed",FALSE,"Chum"
"200 FALSE",88807.8,"Clemens Creek","Fed Fry, Smolt 0+",FALSE,"Chinook"
"1245 FALSE",88521.5,"Kitsum Above Canyon","Smolt 1+, Fed Fry",FALSE,"Chinook"
"650 FALSE",86735.5,"Mission Creek/OKAN","Fed Fry",FALSE,"Sockeye"
"611 FALSE",85641.75,"Jimmy Jimmy Slough","Fed Fry, Unfed",FALSE,"Chum, Coho"
"885 FALSE",84948.9210526316,"Quatse River","Smolt 1+, Fed Fry, Unfed",FALSE,"Coho, Chum, Pink, Steelhead"
"1253 FALSE",84193.5,"Middle River","Fed Fall, Fed Fry",FALSE,"Sockeye"
"651 FALSE",82828,"Muchalat River","Smolt 0+, Seapen 0+",FALSE,"Chinook"
"1318 FALSE",82578.5555555556,"Michie Creek","Smolt 0+, Fed Fry",FALSE,"Chinook"
"230 FALSE",81813.8125,"Stave River","Smolt 1+",FALSE,"Coho, Steelhead"
"141 FALSE",79656.9230769231,"Cultus Lake","Fed Fry, Fed Fall, Smolt 1+",FALSE,"Sockeye"
"172 FALSE",79415.35,"First Lake/Strait of Georgia Vancouver Island","Smolt 0+, Fed Fry",FALSE,"Chinook, Coho"
"222 FALSE",76798.619047619,"Little Chilliwack River","Unfed, Fed Fry, Smolt 1+",FALSE,"Chum, Coho"
"324 FALSE",75647.7027027027,"Alouette River South","Fed Fry, Smolt 1+, Unfed, Smolt 2+",FALSE,"Chum, Coho, Pink, Steelhead"
"109 FALSE",75087.1,"Twin River East","Fed Fry",FALSE,"Chum"
"606 FALSE",74523.2222222222,"Meighan Creek","Fed Fry, Unfed",FALSE,"Chum, Coho"
"532 FALSE",73920.1428571429,"Willemar + Forbush Lakes","Fed Fry",FALSE,"Coho"
"1123 FALSE",73735,"Hartley Bay Lake","Fed Fry",FALSE,"Coho"
"790 FALSE",71338.2222222222,"Salmon River/Johnstone Strait","Smolt 0+, Fed Fry",FALSE,"Chinook, Coho"
"565 FALSE",69777.5714285714,"Mouat Creek","Fed Fry, Seapen",FALSE,"Chum"
"485 FALSE",67525.5,"Wilson Estuary/Strait of Georgia Mainland","Seapen, Fed Fry",FALSE,"Pink, Coho"
"128 FALSE",66903.5,"Henderson Lake","Smolt 0+, Fed Fry",FALSE,"Chinook"
"837 FALSE",66131,"Quatsino Sound","Seapen 0+",FALSE,"Chinook"
"628 FALSE",65633.2222222222,"Cheakamus River","Smolt 1+, Fed Fry, Unfed",FALSE,"Chinook, Pink, Coho, Chum"
"722 FALSE",65565,"Coldwater River","Smolt 1+, Fed Fry",FALSE,"Coho, Chinook"
"154 FALSE",65244.7959183674,"Serpentine River","Smolt 0+, Fed Fry, Smolt 1+, Unfed",FALSE,"Chinook, Chum, Coho"
"114 FALSE",65066.0434782609,"Thornton Creek","Fed Fry, Smolt 0+, Unfed, Fed Fall",FALSE,"Chum, Chinook, Coho"
"216 FALSE",64310.1904761905,"Cougar Canyon Creek","Fed Fry, Eyed Egg, Smolt 1+",FALSE,"Chum, Coho"
"927 FALSE",63702.3333333333,"Southgate River","Smolt 0+",FALSE,"Chinook"
"1261 FALSE",63337.5,"Gluskie Creek","Fed Fall, Fed Fry",FALSE,"Sockeye"
"330 FALSE",63054.0909090909,"Cypre River","Fed Fry, Smolt 0+",FALSE,"Coho, Chinook, Chum"
"858 FALSE",62321.7083333333,"Cluxewe River","Smolt 1+, Unfed, Eyed Egg, Fed Fry",FALSE,"Coho, Pink, Steelhead"
"581 FALSE",62206,"Gold Estuary","Seapen 0+, Fed Fry",FALSE,"Chinook, Coho"
"848 FALSE",62067.6,"Waukwaas Creek","Smolt 1+, Fed Fry",FALSE,"Coho"
"652 FALSE",61783.25,"Willingdon Creek","Fed Fry",FALSE,"Chum"
"201 FALSE",60765.1666666667,"Kennedy River Lower","Smolt 0+, Fed Fry",FALSE,"Chinook"
"977 FALSE",59137.3684210526,"Chilko River","Smolt 1+, Fed Fry, Unfed",FALSE,"Chinook"
"403 FALSE",57653.052631579,"Stamp River","Smolt 1+, Smolt 0+, Fed Fry",FALSE,"Chinook, Steelhead, Coho"
"428 FALSE",56074.5,"French Creek","Fed Fry",FALSE,"Chum, Coho"
"1166 FALSE",56032.3333333333,"Stuart River","Fed Fry",FALSE,"Sockeye"
"966 FALSE",55037.75,"Kilbella Bay","Seapen 0+, Smolt 0+",FALSE,"Chinook"
"763 FALSE",54981,"Woss River","Smolt 0+, Smolt 1+, Fed Fry",FALSE,"Chinook, Coho"
"612 FALSE",52623.2307692308,"Dryden Creek","Fed Fry, Unfed",FALSE,"Chum, Coho"
"871 FALSE",50572,"Tom Brown Creek","Eyed Egg",FALSE,"Chinook"
"136 FALSE",50269.1489361702,"Little Camp + Nicomk","Smolt 0+, Fed Fry, Unfed, Smolt 1+",FALSE,"Chinook, Chum, Coho"
"1098 FALSE",50000,"Whalen Lake","Fed Fry",FALSE,"Coho"
"249 FALSE",50000,"Yorkson Creek","Fed Fry",FALSE,"Chum"
"489 FALSE",48900,"Chef Creek","Unfed",FALSE,"Pink"
"90 FALSE",48271.25,"Sugsaw Creek","Fed Fry",FALSE,"Chum"
"239 FALSE",47152.1428571429,"Deroche Channel","Fed Fry",FALSE,"Chum"
"643 FALSE",47141.5,"Brohm Lake","Fed Fry",FALSE,"Coho"
"991 FALSE",45634.6,"Lonesome Lake","Fed Fry",FALSE,"Sockeye"
"980 FALSE",45628.125,"McLoughlin Bay Creek","Smolt 1+, Fed Fry",FALSE,"Coho, Chum"
"996 FALSE",45582,"Tankeeah Lake","Unfed",FALSE,"Sockeye"
"1018 FALSE",45324.6153846154,"Nusatsum River","Fed Fry, Smolt 0+",FALSE,"Chum, Chinook"
"510 FALSE",44457.1428571429,"Ogden Creek","Unfed",FALSE,"Chum"
"5 FALSE",44127.6666666667,"Demamiel Creek","Fed Fry",FALSE,"Coho"
"721 FALSE",43537,"Mohun Creek","Fed Fall, Unfed",FALSE,"Coho, Pink"
"635 FALSE",43510.6666666667,"Brohm River","Unfed, Fed Fry",FALSE,"Coho"
"480 FALSE",43168.5,"Hurry Creek","Smolt 1+",FALSE,"Coho"
"919 FALSE",42533.4210526316,"Eagle River","Fed Fry, Smolt 1+",FALSE,"Coho"
"139 FALSE",42309.1666666667,"Napoleon Creek","Smolt 1+, Fed Fry",FALSE,"Coho"
"457 FALSE",42008,"Hunts Creek","Fed Fry",FALSE,"Coho"
"603 FALSE",41996.3913043478,"Little River/Strait of Georgia Vancouver Island","Unfed, Fed Fry, Smolt 1+",FALSE,"Chum, Coho"
"805 FALSE",40514,"Benson River","Fed Fry",FALSE,"Chinook"
"1121 FALSE",40375,"Hartley Bay Creek","Smolt 1+, Fed Fry",FALSE,"Coho"
"1118 FALSE",40000,"Union Pass Lake","Fed Fry",FALSE,"Coho"
"1129 FALSE",40000,"Red Bluff Lake","Fed Fry",FALSE,"Coho"
"667 FALSE",37283.4,"Sliammon Lake","Fed Fry",FALSE,"Coho"
"1081 FALSE",37227.2222222222,"South Bay Creek","Fed Fry",FALSE,"Chum"
"257 FALSE",36667.2580645161,"Kanaka Creek","Fed Fry, Unfed, Smolt 1+",FALSE,"Chum, Coho, Pink"
"842 FALSE",36000,"Coho Creek/Johnstone Strait","Unfed",FALSE,"Pink"
"1104 FALSE",35953.3333333333,"Stanley Lake","Fed Fry",FALSE,"Coho"
"1178 FALSE",35898.1666666667,"Willow River/Upper Fraser","Smolt 1+, Fed Fry",FALSE,"Chinook"
"319 FALSE",35872.7619047619,"Kitsuksis Creek","Unfed, Fed Fry",FALSE,"Chum, Coho"
"108 FALSE",35471.4545454545,"Francis Lake/Southwest Vancouver Island","Fed Fry",FALSE,"Coho"
"884 FALSE",35061,"Salmon River/Upper Thompson","Fed Fry, Smolt 1+",FALSE,"Chinook, Coho"
"952 FALSE",35002,"Taseko Lake","Fed Fry",FALSE,"Sockeye"
"169 FALSE",34303,"Sweltzer Creek","Smolt 1+",FALSE,"Sockeye"
"1046 FALSE",34264.4,"Cariboo River Upper","Fed Fall, Fed Fry",FALSE,"Chinook"
"645 FALSE",34114.4,"BC Railway Channel","Unfed",FALSE,"Coho"
"305 FALSE",34087.6,"Eagle Creek","Fed Fry",FALSE,"Chum, Coho"
"707 FALSE",34000,"Sebalhall Creek","Smolt 0+",FALSE,"Chinook"
"508 FALSE",33408.96875,"Rosewall Creek","Fed Fry, Smolt 1+, Unfed",FALSE,"Chum, Coho"
"173 FALSE",33097.8,"Second Lake/Strait of Georgia Vancouver Island","Fed Fry",FALSE,"Coho"
"1099 FALSE",32668.875,"Crabapple Creek","Fed Fry",FALSE,"Chum"
"161 FALSE",32457.5,"Kootowis Creek","Fed Fry",FALSE,"Coho"
"1229 FALSE",32381.125,"Kitsum Bel Canyon","Smolt 1+, Fed Fry",FALSE,"Chinook"
"1031 FALSE",30763.3333333333,"Roderick Lake","Fed Fry",FALSE,"Sockeye"
"380 FALSE",30120.8333333333,"MacKay Creek","Unfed, Fed Fry",FALSE,"Pink, Chum"
"306 FALSE",30000,"Dry Creek/Southwest Vancouver Island","Unfed",FALSE,"Chum"
"1138 FALSE",29873,"Mamin River","Fed Fry, Smolt 1+",FALSE,"Coho"
"1255 FALSE",29613.7777777778,"Toboggan Creek","Smolt 1+, Eyed Egg",FALSE,"Coho"
"207 FALSE",29468,"Meares Creek","Fed Fry",FALSE,"Chum"
"137 FALSE",29394.1111111111,"Nahmint River","Smolt 0+, Smolt 1+, Fed Fry, Unfed",FALSE,"Chinook"
"487 FALSE",29250.7931034483,"Chapman Creek","Unfed, Fed Fry, Smolt 1+, Smolt 2+",FALSE,"Chum, Coho, Pink, Steelhead"
"1085 FALSE",28978,"MacMillan Creek","Fed Fry",FALSE,"Chum"
"1135 FALSE",28479.6666666667,"Blackwater Creek/Haida Gwaii","Fed Fry",FALSE,"Coho"
"567 FALSE",28167.7,"Roy Creek","Fed Fry",FALSE,"Coho"
"445 FALSE",27961.5,"Bedwell River","Smolt 0+, Fed Fry, Seapen 0+",FALSE,"Chinook, Chum"
"1083 FALSE",27790.5,"Two Torrent Creek","Fed Fry",FALSE,"Chum"
"1144 FALSE",27593,"Torpy River","Fed Fry",FALSE,"Chinook"
"890 FALSE",27420.6666666667,"Portage Creek","Unfed, Smolt 1+",FALSE,"Chinook"
"868 FALSE",27183.8235294118,"Goodspeed River","Fed Fry",FALSE,"Chinook, Chum, Coho"
"670 FALSE",27103.5,"Appleton Creek","Fed Fry",FALSE,"Coho"
"1316 FALSE",27065.2857142857,"McClintock River","Smolt 0+, Fed Fry",FALSE,"Chinook"
"19 FALSE",27028.0277777778,"Goldstream River","Fed Fry, Smolt 0+, Unfed, Smolt 1+",FALSE,"Chum, Chinook, Coho"
"391 FALSE",27012,"Weaver Spwaning Channel","Unfed, Smolt 1+",FALSE,"Sockeye"
"1176 FALSE",26186.8571428571,"Bowron River","Fed Fry",FALSE,"Sockeye, Chinook"
"280 FALSE",26058.2,"Maria Slough","Smolt 0+",FALSE,"Chinook"
"71 FALSE",26000.375,"Hope Bay Creek","Unfed, Fed Fry",FALSE,"Chum, Coho"
"1091 FALSE",25619.25,"Piper Creek","Fed Fry",FALSE,"Chum"
"149 FALSE",25196.625,"Watershed Creek","Fed Fry",FALSE,"Chum"
"317 FALSE",25151,"Rogers Creek","Unfed, Fed Fry",FALSE,"Chum, Coho"
"296 FALSE",25067.5714285714,"Deer Lake","Fed Fry, Smolt 1+",FALSE,"Chum, Coho"
"537 FALSE",25000,"Porpoise Bay","Smolt 1+",FALSE,"Coho"
"692 FALSE",24895,"Vernon Lake","Smolt 0+",FALSE,"Chinook"
"48 FALSE",24707,"Tseycum Creek","Fed Fry, Unfed",FALSE,"Chum"
"104 FALSE",24696.5,"Chemainus River","Fed Fry, Smolt 0+",FALSE,"Chum, Chinook"
"194 FALSE",24624,"Kennedy River Upper","Fed Fry, Eyed Egg",FALSE,"Coho"
"830 FALSE",24498.9545454545,"Kokish River","Smolt 0+, Fed Fry, Unfed, Smolt 1+",FALSE,"Chinook, Chum, Coho, Pink"
"1008 FALSE",24264,"Noosgulch River","Fed Fry, Smolt 0+",FALSE,"Chum, Chinook"
"345 FALSE",24246.8571428571,"Alouette Lake","Fed Fry",FALSE,"Coho"
"464 FALSE",24135.7333333333,"Terminal Creek","Fed Fry, Unfed",FALSE,"Chum, Coho, Pink"
"440 FALSE",23870.0909090909,"Nelson Creek/Strait of Georgia Mainland","Fed Fry",FALSE,"Chum, Coho"
"362 FALSE",23551.2,"Mossom Creek","Fed Fry, Unfed, Smolt 1+",FALSE,"Chum, Pink, Coho"
"112 FALSE",23374,"Stocking Creek","Fed Fry",FALSE,"Chum, Coho"
"220 FALSE",23184.4444444444,"West Creek","Fed Fry",FALSE,"Chum"
"85 FALSE",22540.8571428571,"Beadnell Creek","Fed Fry",FALSE,"Chum, Coho"
"1084 FALSE",22500,"Blue Paper Creek","Fed Fry",FALSE,"Chum"
"725 FALSE",22477.125,"Basil Brook","Fed Fry, Unfed, Eyed Egg",FALSE,"Coho, Chum"
"488 FALSE",22235.7142857143,"Wamer Creek","Unfed",FALSE,"Chum"
"459 FALSE",22208.5,"Killarney Creek","Fed Fry",FALSE,"Chum, Coho, Pink"
"499 FALSE",21953.5714285714,"Jenkins Creek","Unfed",FALSE,"Chum"
"369 FALSE",21838.5555555556,"Schoolhouse/North","Fed Fry",FALSE,"Chum"
"1321 FALSE",21735,"Fox Creek","Fed Fry",FALSE,"Chinook"
"132 FALSE",21471.8,"Toquart River","Smolt 0+, Eyed Egg, Fed Fry",FALSE,"Chinook, Coho"
"566 FALSE",21125,"Trent River","Fed Fry",FALSE,"Coho"
"124 FALSE",20999.0909090909,"Little Campbell River","Smolt 0+, Smolt 1+, Fed Fry, Smolt 2+",FALSE,"Chinook, Coho, Steelhead"
"269 FALSE",20931.5,"Tranquil Creek","Smolt 0+, Fed Fry, Seapen 0+",FALSE,"Chinook, Chum, Coho"
"1297 FALSE",20905,"Driftwood River","Fed Fry",FALSE,"Sockeye"
"246 FALSE",20852.9411764706,"Byrne Creek","Fed Fry, Smolt 1+",FALSE,"Chum, Coho"
"1205 FALSE",20742,"Fontiniko River","Fed Fry",FALSE,"Chinook"
"715 FALSE",20685.5,"Whaletown Creek","Unfed",FALSE,"Chum"
"462 FALSE",20323,"Davies Creek/Strait of Georgia Mainland","Fed Fry",FALSE,"Chum, Coho"
"344 FALSE",20315.6666666667,"Noons Creek","Fed Fry, Smolt 1+",FALSE,"Chum, Coho"
"967 FALSE",20184.5,"Kilbella River","Fed Fry",FALSE,"Chinook"
"426 FALSE",20111.625,"Maplewood Creek","Fed Fry, Unfed",FALSE,"Chum"
"527 FALSE",20000,"Halfmoon Creek","Smolt 1+",FALSE,"Coho"
"625 FALSE",20000,"Blackwater/Strait of Georgia Mainland","Fed Fry",FALSE,"Coho"
"381 FALSE",19953.2,"Mosquito Creek/Strait of Georgia Mainland","Eyed Egg, Fed Fry",FALSE,"Chum, Pink"
"506 FALSE",19929,"Coho Creek/Lower Fraser","Fed Fry",FALSE,"Coho"
"1022 FALSE",19722,"Horsefly River","Smolt 1+, Fed Fry",FALSE,"Chinook"
"278 FALSE",19633.3333333333,"Nelson Creek/Lower Fraser","Eyed Egg, Smolt 1+, Fed Fry",FALSE,"Chum, Coho"
"941 FALSE",19627,"Warner Bay Creek","Fed Fry",FALSE,"Chum"
"1145 FALSE",19320,"Loon Lake Creek","Fed Fry",FALSE,"Coho"
"1148 FALSE",19167.6,"Slim Creek","Fed Fry, Fed Fall",FALSE,"Chinook"
"737 FALSE",18729.1612903226,"Spius Creek","Smolt 1+, Fed Fry, Unfed",FALSE,"Chinook, Coho"
"447 FALSE",18477.5,"McKay Creek","Fed Fry",FALSE,"Chum"
"1187 FALSE",18421,"Seebach Creek","Fed Fry",FALSE,"Chinook"
"368 FALSE",18309.7727272727,"Lynn Creek/Strait of Georgia Mainland","Fed Fry, Unfed",FALSE,"Chum, Coho, Pink"
"274 FALSE",18298.1935483871,"Brunette River","Fed Fry, Smolt 1+, Unfed",FALSE,"Chum, Coho"
"337 FALSE",18034.4,"Suterbrook Creek","Fed Fry",FALSE,"Chum"
"600 FALSE",17901.5142857143,"Mamquam River","Smolt 1+, Fed Fry, Unfed",FALSE,"Chinook, Coho"
"1047 FALSE",17761.5,"Swift Creek","Fed Fry",FALSE,"Chinook"
"151 FALSE",17562,"Toquart Lake","Smolt 0+, Fed Fry",FALSE,"Chinook"
"553 FALSE",17500,"Rees Creek","Fed Fry",FALSE,"Coho"
"117 FALSE",17389.8888888889,"Holland Creek","Fed Fry",FALSE,"Chum, Coho"
"905 FALSE",17352.875,"Bridge River","Fed Fry, Fed Fall, Smolt 1+, Eyed Egg, Unfed",FALSE,"Chinook, Coho"
"1137 FALSE",17273,"Morkill River","Fed Fry",FALSE,"Chum, Chinook"
"1095 FALSE",17228.6666666667,"Branch 10 Creek","Fed Fry",FALSE,"Chum"
"399 FALSE",17116.7777777778,"McDonald Creek","Fed Fry",FALSE,"Chum, Coho"
"378 FALSE",16992.5,"First Narrows North Shaft","Smolt 1+",FALSE,"Steelhead"
"40 FALSE",16876.5,"Saanich Inlet","Seapen 1+",FALSE,"Coho"
"1303 FALSE",16632,"Porter Creek","Fed Fry",FALSE,"Sockeye"
"341 FALSE",16591.75,"Schoolhouse/South","Fed Fry, Unfed",FALSE,"Pink, Chum"
"577 FALSE",16559,"Bloedel Creek","Fed Fry",FALSE,"Coho"
"68 FALSE",16349.1428571429,"Lyall Creek","Fed Fry, Unfed",FALSE,"Chum"
"1097 FALSE",16181.3333333333,"Honna River","Fed Fry",FALSE,"Coho"
"1185 FALSE",16072.5,"Diana Creek","Fed Fry",FALSE,"Coho"
"437 FALSE",16051.5,"Eagle Harbour Creek","Fed Fry",FALSE,"Chum, Coho"
"438 FALSE",16034,"Coquitlam Lake","Fed Fry, Smolt 1+",FALSE,"Coho"
"1074 FALSE",15903.8,"Nazko River","Smolt 1+, Fed Fry",FALSE,"Chinook"
"817 FALSE",15897.3333333333,"Ida Lake","Fed Fry, Smolt 1+",FALSE,"Coho"
"413 FALSE",15844.5714285714,"Rodgers Creek","Fed Fry",FALSE,"Chum, Coho"
"18 FALSE",15390,"Prior Lake","Smolt 1+",FALSE,"Coho"
"126 FALSE",15302,"Bush Creek","Fed Fry",FALSE,"Chum"
"850 FALSE",15104.4,"Bear (Mills) Creek","Unfed",FALSE,"Coho"
"1234 FALSE",15000,"Binche Tachie Creek","Fed Fry",FALSE,"Sockeye"
"408 FALSE",14927.45,"West Vancouver Lab","Smolt 1+, Smolt 2+, Fed Fry, Seapen 1+",FALSE,"Steelhead, Coho"
"822 FALSE",14883.5,"Skidder Lake","Unfed",FALSE,"Coho"
"113 FALSE",14867.7,"Darlington Lake","Fed Fry",FALSE,"Coho"
"97 FALSE",14867.6,"Flora Lake","Fed Fry",FALSE,"Coho"
"308 FALSE",14733.3333333333,"Guichon Creek/Lower Fraser","Fed Fry",FALSE,"Chum"
"311 FALSE",14725,"Still Creek","Fed Fry",FALSE,"Chum, Coho"
"1223 FALSE",14695.5333333333,"Zymacord River","Fed Fry, Smolt 1+, Eyed Egg",FALSE,"Coho"
"968 FALSE",14658.5,"Chuckwalla River","Fed Fry",FALSE,"Chinook"
"1108 FALSE",14551,"West Road River","Fed Fry",FALSE,"Chinook"
"541 FALSE",14455,"Bradley Lake","Fed Fry",FALSE,"Chum, Coho"
"864 FALSE",14449,"Quatse Lake","Unfed",FALSE,"Coho"
"1190 FALSE",14430.4,"Kloiya Creek","Fed Fry",FALSE,"Chinook"
"127 FALSE",14407.6666666667,"Draw Creek","Eyed Egg, Fed Fry",FALSE,"Coho"
"15 FALSE",14407.2,"Craigflower Creek","Smolt 1+, Fed Fall, Fed Fry",FALSE,"Coho"
"704 FALSE",13991.3125,"Shovelnose Creek","Smolt 1+, Fed Fry",FALSE,"Chinook"
"355 FALSE",13916,"Burrard Inlet","Smolt 1+, Seapen 1+",FALSE,"Coho"
"334 FALSE",13808,"Spanish Banks Creek","Eyed Egg, Fed Fry",FALSE,"Chum, Coho"
"261 FALSE",13800,"Sutton Mill Creek","Fed Fry",FALSE,"Chum"
"879 FALSE",13719,"Thompson River North","Unfed",FALSE,"Coho"
"144 FALSE",13474,"Borden Channel","Unfed",FALSE,"Chum"
"761 FALSE",13375.2,"Gun Range Creek","Fed Fry, Smolt 1+",FALSE,"Coho"
"1157 FALSE",13369.1666666667,"Nechako River","Fed Fry",FALSE,"Chinook, Coho, Pink"
"83 FALSE",13336,"Beaver Creek/Strait of Georgia Vancouver Island","Fed Fry",FALSE,"Coho"
"419 FALSE",12682,"Sandy Cove","Smolt 1+",FALSE,"Steelhead"
"411 FALSE",12540.6666666667,"Deer Creek","Fed Fry, Unfed",FALSE,"Coho"
"1093 FALSE",12294.2222222222,"Tarundl Creek","Fed Fry",FALSE,"Coho"
"279 FALSE",12229.2653061224,"Coquitlam River","Smolt 1+, Fed Fry, Fed Fall, Unfed",FALSE,"Sockeye, Chum, Coho"
"735 FALSE",11842,"Spahomin Creek","Fed Fry",FALSE,"Chinook"
"1277 FALSE",11717.5,"Kitwancool Lake","Fed Fall, Fed Fry",FALSE,"Sockeye"
"264 FALSE",11523.2857142857,"Brannen Lake","Fed Fry, Fed Fall",FALSE,"Coho"
"1004 FALSE",11346.3333333333,"Chilcotin River (Upper)","Fed Fry",FALSE,"Chinook"
"660 FALSE",11334.5294117647,"Ashlu Creek","Smolt 1+, Fed Fry, Unfed",FALSE,"Chinook"
"943 FALSE",11309,"Taaltz Creek","Fed Fry",FALSE,"Chum"
"846 FALSE",11235.75,"Hyde Creek/Johnstone Strait","Unfed",FALSE,"Coho"
"12 FALSE",11215.1666666667,"Bowker Creek","Eyed Egg, Fed Fry",FALSE,"Chum"
"183 FALSE",10984.2352941176,"Clayburn Creek","Fed Fry, Smolt 1+, Unfed",FALSE,"Coho"
"1155 FALSE",10420,"Chilako River","Smolt 1+",FALSE,"Chinook"
"956 FALSE",10229.1666666667,"McTaggart Creek","Smolt 1+",FALSE,"Coho"
"297 FALSE",10157.1428571429,"Deer Lake Creek","Fed Fry",FALSE,"Chum, Coho"
"1213 FALSE",10000,"Soche Creek","Fed Fry",FALSE,"Sockeye"
"1235 FALSE",10000,"Yekooche Creek","Fed Fry",FALSE,"Sockeye"
"1243 FALSE",10000,"Kuskwa River","Fed Fry",FALSE,"Sockeye"
"192 FALSE",10000,"Bear (Mahood) Creek","Fed Fry",FALSE,"Chum"
"728 FALSE",10000,"James Creek/Cortes","Eyed Egg",FALSE,"Chum"
"352 FALSE",9985,"Shuhum Creek","Unfed",FALSE,"Coho"
"1073 FALSE",9859,"Cottonwood River","Fed Fry",FALSE,"Chinook"
"147 FALSE",9837.16666666667,"Stoney Creek/Abbotsford","Fed Fry, Smolt 1+",FALSE,"Coho"
"1130 FALSE",9698.5,"Crush Creek","Fed Fry",FALSE,"Coho"
"1128 FALSE",9534,"Wood Cove Creek","Fed Fry",FALSE,"Coho"
"364 FALSE",9532.71428571429,"Ioco","Seapen 1+",FALSE,"Coho"
"398 FALSE",9262,"Lawson Creek","Fed Fry",FALSE,"Chum, Coho"
"762 FALSE",9136,"Rice Creek","Fed Fry, Smolt 1+",FALSE,"Coho"
"958 FALSE",8919,"Dunn Lake","Smolt 1+",FALSE,"Coho"
"70 FALSE",8862.6,"Pachena River","Fed Fry, Unfed",FALSE,"Coho"
"1116 FALSE",8828.5,"Jungle Creek","Fed Fry",FALSE,"Coho"
"1327 FALSE",8827.66666666667,"Yukon River","Smolt 0+, Fed Fry",FALSE,"Chinook"
"1082 FALSE",8785.5,"Copper Creek","Fed Fry",FALSE,"Coho"
"902 FALSE",8583.95454545455,"Deadman River","Smolt 1+, Unfed, Fed Fry",FALSE,"Coho"
"346 FALSE",8577.82142857143,"Hyde Creek/Lower Fraser","Fed Fry, Smolt 1+, Unfed",FALSE,"Chum, Coho"
"451 FALSE",8551,"Bear Creek/Southwest Vancouver Island","Unfed",FALSE,"Coho"
"1208 FALSE",8274.42857142857,"Bulkley River Upper","Smolt 1+, Fed Fry",FALSE,"Chinook, Coho"
"798 FALSE",8250,"Ritchie Pond South","Fed Fry",FALSE,"Coho"
"591 FALSE",8193.66666666667,"Loggers Lane Creek","Fed Fry, Unfed",FALSE,"Coho"
"21 FALSE",8131.13333333334,"Mount Douglas Creek","Fed Fry, Eyed Egg, Smolt 1+, Unfed",FALSE,"Chum, Coho"
"982 FALSE",8010.5,"Chilcotin River (Lower)","Fed Fry",FALSE,"Chinook"
"1217 FALSE",8000,"Nahounli Creek","Fed Fry",FALSE,"Sockeye"
"292 FALSE",8000,"Buckingham Creek","Fed Fry",FALSE,"Chum"
"1092 FALSE",7955.09090909091,"Haans Creek","Fed Fry",FALSE,"Coho"
"44 FALSE",7879.46153846154,"Shawnigan Creek","Fed Fry, Unfed",FALSE,"Coho, Chum"
"867 FALSE",7801.8,"Glendale River","Fed Fall, Fed Fry, Eyed Egg",FALSE,"Coho, Pink"
"247 FALSE",7669.75,"Hayward Lake","Smolt 1+",FALSE,"Steelhead"
"644 FALSE",7651,"Kiwi Channel South","Fed Fry",FALSE,"Coho"
"332 FALSE",7589,"Hoy Creek","Fed Fry, Smolt 1+",FALSE,"Chum, Coho"
"333 FALSE",7490.75,"Alexander Creek","Unfed",FALSE,"Coho"
"1194 FALSE",7487.07692307692,"Oldfield Creek","Fed Fry, Smolt 1+, Fed Fall",FALSE,"Coho"
"959 FALSE",7275.72727272727,"Dunn Creek","Smolt 1+, Unfed, Fed Fry",FALSE,"Coho"
"436 FALSE",7270.72727272727,"Explosives Creek","Fed Fry",FALSE,"Chum, Coho"
"828 FALSE",7250,"Sultan Creek","Smolt 1+, Fed Fry",FALSE,"Coho"
"467 FALSE",7102.66666666667,"Killarney Lake","Fed Fry",FALSE,"Chum, Coho"
"1112 FALSE",7048.5,"Leander Creek","Fed Fry",FALSE,"Coho"
"427 FALSE",7041.33333333333,"Spaht Creek","Fed Fry, Unfed",FALSE,"Coho"
"1080 FALSE",7001,"Swamp Lake","Fed Fry",FALSE,"Coho"
"801 FALSE",7000,"Bonanza Lake","Smolt 1+",FALSE,"Coho"
"829 FALSE",7000,"Tsulton Creek","Fed Fry",FALSE,"Coho"
"62 FALSE",6766.23529411765,"Fulford Creek","Fed Fry, Unfed",FALSE,"Coho, Chum"
"1317 FALSE",6530.11111111111,"Wolf Creek/Yukon","Smolt 0+, Fed Fry",FALSE,"Chinook"
"382 FALSE",6298.25,"Beaver Creek Lower/Southwest Vancouver Island","Unfed, Fed Fry, Eyed Egg",FALSE,"Coho"
"416 FALSE",6265.8,"Cypress Creek/Strait of Georgia Mainland","Fed Fry",FALSE,"Chum, Coho"
"1146 FALSE",6149.75,"Grouse Creek","Fed Fry",FALSE,"Coho"
"1240 FALSE",6057,"Mary Cove","Smolt 1+",FALSE,"Sockeye"
"321 FALSE",5589.33333333333,"Scott Creek","Fed Fry",FALSE,"Coho"
"351 FALSE",5500,"Sproat Lake","Fed Fry",FALSE,"Coho"
"174 FALSE",5396,"Cent/Bulbeard Channel","Unfed",FALSE,"Pink"
"1089 FALSE",5381,"Sachs Creek","Fed Fry",FALSE,"Coho"
"452 FALSE",5379.66666666667,"Cypress Creek/Lower Fraser","Fed Fry",FALSE,"Coho"
"1174 FALSE",5099.6,"Endako River","Smolt 1+, Fed Fry",FALSE,"Chinook"
"843 FALSE",5082,"Alder Bay","Seapen",FALSE,"Chum"
"373 FALSE",5044.4,"Miami Creek","Fed Fry",FALSE,"Chum"
"1177 FALSE",5019,"Salmon River/Upper Fraser","Fed Fry",FALSE,"Chinook"
"125 FALSE",4937.66666666667,"Fergus Creek","Fed Fry",FALSE,"Coho"
"681 FALSE",4909.1,"Zeballos River","Fed Fry, Unfed",FALSE,"Chum, Coho"
"1158 FALSE",4865.6,"Deep Creek/Haida Gwaii","Fed Fry",FALSE,"Coho"
"1162 FALSE",4762.625,"Oona River","Fed Fry",FALSE,"Coho"
"911 FALSE",4725,"Hansen Creek","Fed Fry",FALSE,"Coho"
"727 FALSE",4650,"Carrington Creek","Fed Fry",FALSE,"Coho"
"619 FALSE",4473,"Brackendale Creek","Unfed, Fed Fry",FALSE,"Coho"
"1033 FALSE",4458.66666666667,"Mary Cove Creek","Fed Fry, Smolt 1+",FALSE,"Sockeye"
"9 FALSE",4256.78571428571,"Charters Creek","Fed Fry, Smolt 0+",FALSE,"Chinook, Coho"
"1237 FALSE",4250,"Tachie River","Fed Fry",FALSE,"Sockeye"
"1126 FALSE",3946,"Indianpoint Creek","Fed Fry",FALSE,"Chinook"
"1196 FALSE",3579,"Hays Creek","Fed Fry",FALSE,"Coho"
"349 FALSE",3574,"Dixon Creek","Unfed",FALSE,"Coho"
"1125 FALSE",3573.6,"Howard Creek","Fed Fry",FALSE,"Coho"
"14 FALSE",3463.66666666667,"Millstream River","Smolt 1+, Fed Fry",FALSE,"Coho"
"1286 FALSE",3347.66666666667,"Hudson Bay Creek","Fed Fall, Fed Fry",FALSE,"Sockeye"
"1204 FALSE",3280,"Maxan Lake","Fed Fry",FALSE,"Coho"
"1247 FALSE",3232,"Kathlyn Lake","Fed Fry, Smolt 1+",FALSE,"Chinook, Coho"
"184 FALSE",3220,"Intake Creek","Eyed Egg",FALSE,"Coho"
"900 FALSE",3048.5,"Bonaparte River","Fed Fry",FALSE,"Chinook, Coho"
"244 FALSE",3046.52941176471,"Kaymar Creek","Fed Fry, Smolt 1+",FALSE,"Chum, Coho"
"185 FALSE",3026.5,"Fraser River Upper","Fed Fry, Fed Fall",FALSE,"Chinook, Chum"
"1113 FALSE",2850,"Culvert 150 Creek","Fed Fry",FALSE,"Coho"
"1001 FALSE",2777,"Atnarko Channel","Eyed Egg",FALSE,"Sockeye"
"266 FALSE",2750,"McFadden Creek","Fed Fry",FALSE,"Coho"
"1088 FALSE",2722.5,"Little Sachs Creek","Fed Fry",FALSE,"Coho"
"335 FALSE",2709.4,"Partington Creek","Fed Fry",FALSE,"Coho"
"1010 FALSE",2536,"Bullock Channel","Fed Fry",FALSE,"Chum"
"732 FALSE",2513,"Menzies Creek","Fed Fall",FALSE,"Coho"
"265 FALSE",2500,"Cooper Creek","Fed Fry",FALSE,"Coho"
"88 FALSE",2500,"Meade Creek","Fed Fry",FALSE,"Chum, Coho"
"312 FALSE",2373.83333333333,"Stoney Creek/Brunette","Smolt 1+, Fed Fry",FALSE,"Coho, Chum"
"522 FALSE",2365,"Angus Creek","Fed Fry",FALSE,"Chum"
"361 FALSE",2335.33333333333,"Plested Creek","Fed Fry",FALSE,"Coho"
"343 FALSE",2107.8,"Smiling Creek","Fed Fry",FALSE,"Coho"
"16 FALSE",2050,"Colquitz Creek","Fed Fry",FALSE,"Coho, Chum"
"11 FALSE",2000,"Jordan River","Eyed Egg",FALSE,"Pink"
"1296 FALSE",2000,"Sitlika Creek","Fed Fry",FALSE,"Sockeye"
"1299 FALSE",2000,"Blackwater Creek/Upper Fraser","Fed Fry",FALSE,"Sockeye"
"360 FALSE",2000,"Tall Timbers Creek","Unfed",FALSE,"Coho"
"73 FALSE",1998.3,"Cusheon Creek","Fed Fry",FALSE,"Coho"
"454 FALSE",1950.8,"Grafton Lake","Fed Fry",FALSE,"Coho"
"284 FALSE",1818,"Beaver Creek/Lower Fraser","Fed Fry",FALSE,"Coho"
"1215 FALSE",1764.28571428571,"Lakelse River","Fed Fry",FALSE,"Coho"
"1226 FALSE",1721,"Richfield Creek","Fed Fry",FALSE,"Coho"
"24 FALSE",1672.3125,"Tod Creek","Smolt 1+, Fed Fall, Fed Fry",FALSE,"Coho, Chum"
"320 FALSE",1600,"Beecher Creek","Fed Fry",FALSE,"Coho"
"877 FALSE",1565.8,"Seton River","Fed Fry",FALSE,"Coho"
"366 FALSE",1563,"Morten Creek","Fed Fry",FALSE,"Coho, Chum"
"374 FALSE",1340.5,"Beaver Creek/Strait of Georgia Mainland","Fed Fry",FALSE,"Chum, Coho"
"679 FALSE",1337.75,"Simms Creek","Fed Fall, Fed Fry",FALSE,"Coho"
"677 FALSE",1265,"Nahatlatch River","Fed Fry",FALSE,"Chinook"
"1203 FALSE",1250,"Herman Creek","Fed Fry",FALSE,"Coho"
"76 FALSE",1250,"Beaver Lake/Strait of Georgia Vancouver Island","Fed Fry",FALSE,"Coho"
"894 FALSE",1238.375,"Tranquille River","Fed Fry",FALSE,"Coho"
"1210 FALSE",1038.88888888889,"Buck Creek","Fed Fry, Smolt 1+",FALSE,"Coho"
"120 FALSE",1000,"Columbia River","Fed Fry",FALSE,"Sockeye"
"430 FALSE",1000,"Woods Creek/Strait of Georgia Mainland","Fed Fry",FALSE,"Coho"
"79 FALSE",1000,"Bear Lake","Fed Fry",FALSE,"Coho"
"229 FALSE",991.25,"Millstone River","Fed Fry",FALSE,"Coho"
"233 FALSE",920,"Nevin Creek/Lower Fraser","Fed Fry",FALSE,"Chinook"
"198 FALSE",872.714285714286,"Silverdale Creek","Fed Fry",FALSE,"Chum"
"331 FALSE",864,"Cougar Smith Peak","Unfed",FALSE,"Coho"
"795 FALSE",825,"Paccar Resort Pond","Fed Fry",FALSE,"Coho"
"414 FALSE",800,"Hadden Creek","Fed Fry",FALSE,"Coho"
"694 FALSE",783.75,"Nunn's Creek","Fed Fall, Fed Fry",FALSE,"Coho"
"37 FALSE",756.357142857143,"Tetayut Creek","Smolt 1+, Fed Fall, Fed Fry",FALSE,"Coho, Chum"
"401 FALSE",703.888888888889,"Brothers Creek","Fed Fry",FALSE,"Coho, Chum"
"998 FALSE",684.125,"Chilcotin River","Fed Fry",FALSE,"Chinook"
"453 FALSE",660,"Silver Creek/Lower Fraser","Fed Fry",FALSE,"Coho"
"66 FALSE",558,"Holmes Creek","Fed Fry",FALSE,"Chinook, Chum"
"793 FALSE",500,"John Wayne Pond","Fed Fry",FALSE,"Coho"
"93 FALSE",486.636363636364,"Ganges Creek","Fed Fry",FALSE,"Chum, Coho"
"1322 FALSE",452.333333333333,"Kluane River","Fed Fry",FALSE,"Chum"
"551 FALSE",428.5,"Hart Creek","Fed Fry",FALSE,"Coho"
"86 FALSE",400.5,"Oliver Creek","Fed Fry",FALSE,"Coho, Chum"
"1061 FALSE",393,"Dragon Creek","Fed Fry",FALSE,"Chinook"
"987 FALSE",379.111111111111,"Williams Lake River","Fed Fry",FALSE,"Chinook, Pink"
"43 FALSE",377.181818181818,"Reay Creek","Fed Fry",FALSE,"Chum, Coho"
"392 FALSE",353,"Thain Creek","Fed Fry",FALSE,"Chum"
"376 FALSE",352,"McCartney Creek","Fed Fry",FALSE,"Chum"
"1034 FALSE",350,"Pine Creek","Fed Fry",FALSE,"Coho"
"254 FALSE",348.75,"John Matthews Creek","Smolt 1+",FALSE,"Coho"
"397 FALSE",348,"Hastings Creek/Strait of Georgia Mainland","Fed Fry",FALSE,"Coho, Chum"
"1056 FALSE",345,"Waterfall Creek/Haida Gwaii","Fed Fry",FALSE,"Coho"
"1103 FALSE",327.555555555556,"Balance Rock Creek","Fed Fry",FALSE,"Coho"
"1060 FALSE",303,"Quesnel River","Fed Fry, Eyed Egg",FALSE,"Chinook, Pink"
"653 FALSE",300,"Black Creek","Fed Fry",FALSE,"Coho"
"1273 FALSE",289,"Babine Lake","Fed Fry",FALSE,"Coho"
"1062 FALSE",285.285714285714,"Baker Creek","Fed Fry",FALSE,"Chinook"
"263 FALSE",281.5,"Froggers Creek","Smolt 1+",FALSE,"Coho"
"794 FALSE",275,"Chris Mailman Pond","Fed Fry",FALSE,"Coho"
"1248 FALSE",257.4,"Club Creek","Fed Fry",FALSE,"Coho"
"1179 FALSE",250,"Hirsch Creek","Fed Fry",FALSE,"Coho"
"63 FALSE",248.2,"Somenos Creek","Fed Fry",FALSE,"Chum"
"45 FALSE",225,"Hartl Creek","Fed Fry",FALSE,"Coho"
"23 FALSE",215.2,"Wray Creek","Fed Fry",FALSE,"Coho"
"101 FALSE",204.444444444444,"Duck Creek","Fed Fry",FALSE,"Coho"
"91 FALSE",196,"Hastings Creek/Strait of Georgia Vancouver Island","Fed Fry",FALSE,"Coho"
"1266 FALSE",191.833333333333,"Waterfall Creek/Skeena River","Fed Fry",FALSE,"Coho"
"35 FALSE",176,"Haro Strait","Smolt 1+",FALSE,"Chinook"
"54 FALSE",167,"Chalet Creek","Fed Fry",FALSE,"Chum, Coho"
"1242 FALSE",165,"Kathlyn Creek","Fed Fry",FALSE,"Coho"
"59 FALSE",162.125,"Koksilah River","Fed Fry",FALSE,"Chum, Coho"
"726 FALSE",157,"Hyacinthe Creek","Fed Fry",FALSE,"Coho"
"1170 FALSE",155,"Wiley Creek","Fed Fry",FALSE,"Coho"
"1305 FALSE",150.75,"Rainy Creek","Fed Fry",FALSE,"Coho"
"1324 FALSE",147.5,"Tatchun River","Fed Fry",FALSE,"Chinook"
"106 FALSE",147.3,"Greig Creek/Strait of Georgia Vancouver Island","Fed Fry",FALSE,"Chum, Coho"
"65 FALSE",146.75,"Roe Creek","Fed Fry",FALSE,"Chum, Coho"
"1263 FALSE",145.5,"Kitwanga River","Fed Fry",FALSE,"Coho"
"316 FALSE",134.333333333333,"Bloods Creek","Fed Fry",FALSE,"Coho"
"1265 FALSE",125.428571428571,"Zolzap Creek","Fed Fry",FALSE,"Coho"
"1328 FALSE",124.5,"Porcupine River","Fed Fry",FALSE,"Chum"
"1246 FALSE",123,"Fulton River","Fed Fry",FALSE,"Coho"
"72 FALSE",121.75,"Averill Creek","Fed Fry",FALSE,"Chum, Coho"
"883 FALSE",119.875,"Wa'wis Creek","Fed Fry",FALSE,"Coho"
"1275 FALSE",110,"Moonlit Creek","Fed Fry",FALSE,"Coho"
"1313 FALSE",105,"Morley River","Fed Fry",FALSE,"Chinook"
"1323 FALSE",103.5,"Blind Creek","Fed Fry",FALSE,"Chinook"
"188 FALSE",100,"Mackenzie Creek","Fed Fry",FALSE,"Coho"
"934 FALSE",100,"Kingcome River","Fed Fry",FALSE,"Coho"
"1302 FALSE",99,"Swan Lake","Fed Fry",FALSE,"Coho"
"513 FALSE",98,"Magnesia Creek","Fed Fry",FALSE,"Chum"
"67 FALSE",98,"Bings Creek","Fed Fry",FALSE,"Chum"
"94 FALSE",97.2857142857143,"Swordfern Creek","Fed Fry",FALSE,"Chum, Coho"
"714 FALSE",96,"Larson Meadow","Fed Fry",FALSE,"Coho"
"602 FALSE",95.5,"Scales Creek","Fed Fry",FALSE,"Coho"
"1024 FALSE",95,"Albreda River","Fed Fry",FALSE,"Coho"
"530 FALSE",95,"Beulah Creek","Fed Fry",FALSE,"Coho"
"238 FALSE",94.6,"Mallett Creek","Fed Fry",FALSE,"Chum, Coho"
"95 FALSE",93,"Miracle Creek","Fed Fry",FALSE,"Chum, Coho"
"897 FALSE",92.4,"Little Tsulquate River","Fed Fry",FALSE,"Coho"
"394 FALSE",84,"Taylor Creek","Fed Fry",FALSE,"Chum"
"1141 FALSE",83.4285714285714,"Rennie Creek","Fed Fry",FALSE,"Coho"
"1168 FALSE",82,"Wylie Creek","Fed Fry",FALSE,"Coho"
"1282 FALSE",79,"McQueen Creek","Fed Fry",FALSE,"Coho"
"1101 FALSE",75,"Charlie Hartie Creek","Fed Fry",FALSE,"Coho"
"812 FALSE",74,"Nequiltpaalis Creek","Fed Fry",FALSE,"Coho"
"1241 FALSE",71,"Dahlie Creek","Fed Fry",FALSE,"Coho"
"1326 FALSE",68,"Klondike River","Fed Fry",FALSE,"Chinook"
"690 FALSE",65,"Haig-Brown K'fishr","Fed Fry",FALSE,"Coho"
"978 FALSE",59.6,"Blue River","Fed Fry",FALSE,"Coho"
"446 FALSE",58,"Wood Creek","Fed Fry",FALSE,"Chum"
"1320 FALSE",57,"Takhini River","Fed Fry",FALSE,"Chinook"
"444 FALSE",56.3333333333333,"Larson Creek","Fed Fry",FALSE,"Chum, Coho"
"1276 FALSE",56,"Babine River","Fed Fry",FALSE,"Chinook"
"599 FALSE",56,"Brennan Peak Channel","Fed Fry",FALSE,"Coho"
"498 FALSE",52,"Lions Bay","Fed Fry",FALSE,"Coho"
"275 FALSE",50,"Musqueam Creek","Fed Fry",FALSE,"Chum"
"458 FALSE",50,"Hotspring Creek","Fed Fry",FALSE,"Coho"
"1180 FALSE",40,"McBride Creek","Fed Fry",FALSE,"Chinook"
"666 FALSE",40,"Storey Creek","Fed Fry",FALSE,"Coho"
"245 FALSE",37,"Robson Creek","Fed Fry",FALSE,"Chum"
"435 FALSE",20,"Houlgate Creek","Fed Fry",FALSE,"Chum"
