"Chapter","Region","Species","Year","Spawners","Harvest","Harvest Rate","Returns","Data Source"
2,"Nass River","Sockeye",1982,350008.522103124,570748.477896876,0.619868736156094,920757,"LGL Spreadsheet - Table 11"
2,"Nass River","Sockeye",1983,209431.32879941,405941.67120059,0.659667666928172,615373,"LGL Spreadsheet - Table 11"
2,"Nass River","Sockeye",1984,201972.130787376,341060.869212624,0.628066561723917,543033,"LGL Spreadsheet - Table 11"
2,"Nass River","Sockeye",1985,407046.140378834,434261,0.516052318668252,841307.140378834,"LGL Spreadsheet - Table 11"
2,"Nass River","Sockeye",1986,213695.694924444,445184,0.67629179331307,658879.694924444,"LGL Spreadsheet - Table 11"
2,"Nass River","Sockeye",1987,210162.330204589,352702,0.626334519572954,562864.33020459,"LGL Spreadsheet - Table 11"
2,"Nass River","Sockeye",1988,155793.957248263,245346,0.613466334164589,401139.957248263,"LGL Spreadsheet - Table 11"
2,"Nass River","Sockeye",1989,127416.872872636,459265,0.783276450511945,586681.872872636,"LGL Spreadsheet - Table 11"
2,"Nass River","Sockeye",1990,177462.353688758,282162,0.61437908496732,459624.353688758,"LGL Spreadsheet - Table 11"
2,"Nass River","Sockeye",1991,308716.697046355,650280,0.678496868475992,958996.697046355,"LGL Spreadsheet - Table 11"
2,"Nass River","Sockeye",1992,672837.804388767,1287240,0.657142857142857,1960077.80438877,"LGL Spreadsheet - Table 11"
2,"Nass River","Sockeye",1993,538259.655482784,1612322,0.749767441860465,2150581.65548278,"LGL Spreadsheet - Table 11"
2,"Nass River","Sockeye",1994,310043,527094,0.62962962962963,837137,"LGL Spreadsheet - Table 11"
2,"Nass River","Sockeye",1995,264685,904042,0.773972602739726,1168727,"LGL Spreadsheet - Table 11"
2,"Nass River","Sockeye",1996,218116,836487,0.793168880455408,1054603,"LGL Spreadsheet - Table 11"
2,"Nass River","Sockeye",1997,250456,744303,0.748490945674044,994759,"LGL Spreadsheet - Table 11"
2,"Nass River","Sockeye",1998,266458,445320,0.625879043600563,711778,"LGL Spreadsheet - Table 11"
2,"Nass River","Sockeye",1999,210957,631847,0.750832338640209,842804,"LGL Spreadsheet - Table 11"
2,"Nass River","Sockeye",2000,204407,421575,0.674112555772281,625982,"LGL Spreadsheet - Table 11"
2,"Nass River","Sockeye",2001,167253,413358,0.712374443694283,580611,"LGL Spreadsheet - Table 11"
2,"Nass River","Sockeye",2002,405473,998502,0.711533530487701,1403975,"LGL Spreadsheet - Table 11"
2,"Nass River","Sockeye",2003,263688,913784,0.776640123926514,1177472,"LGL Spreadsheet - Table 11"
2,"Nass River","Sockeye",2004,215856.736652355,770238,0.78196893209397,986094.736652355,"LGL Spreadsheet - Table 11"
2,"Nass River","Sockeye",2005,224559.040699046,442318,0.664107485604607,666877.040699046,"LGL Spreadsheet - Table 11"
2,"Nass River","Sockeye",2006,250641.90834824,524469,0.677465133980983,775110.90834824,"LGL Spreadsheet - Table 11"
2,"Nass River","Sockeye",2007,164747.251339213,437463,0.727668845315904,602210.251339213,"LGL Spreadsheet - Table 11"
2,"Nass River","Sockeye",2008,218375.302569412,162021,0.426914512995633,380396.302569412,"LGL Spreadsheet - Table 11"
2,"Nass River","Sockeye",2009,244900,330436,0.575899995828525,575336,"LGL Spreadsheet - Table 11"
2,"Nass River","Sockeye",2010,229010,209931,0.478289792933447,438941,"LGL Spreadsheet - Table 11"
2,"Nass River","Sockeye",2011,276700,280011,0.5042302096244,556711,"LGL Spreadsheet - Table 11"
2,"Nass River","Sockeye",2012,203027.731228529,273791,0.574261038803065,476818.731228529,"LGL Spreadsheet - Table 11"
2,"Nass River","Sockeye",2013,210125.957606654,291304,0.581196103927184,501429.957606654,"LGL Spreadsheet - Table 11"
2,"Nass River","Sockeye",2014,260101.894297636,289582,0.527001828319856,549683.894297636,"LGL Spreadsheet - Table 11"
2,"Nass River","Sockeye",2015,389503.0626943,479241,0.552229700408288,868744.0626943,"LGL Spreadsheet - Table 11"
2,"Nass River","Sockeye",2016,276413.056547619,166003,0.370310122264785,442416.056547619,"LGL Spreadsheet - Table 11"
2,"Nass River","Sockeye",2017,226758,141895,0.373862194516467,368653,"LGL Spreadsheet - Table 11"
2,"Nass River","Sockeye",2018,224132.400813122,92104,0.27208740014938,316236.400813122,"LGL Spreadsheet - Table 11"
2,"Nass River","Sockeye",2019,243659.294899128,134083,0.303763120623701,377742.294899128,"LGL Spreadsheet - Table 11"
2,"Nass River","Sockeye",2020,215461.55267298,79699,0.132773701362494,295160.55267298,"LGL Spreadsheet - Table 11"
2,"Nass River","Sockeye",2021,348826.360286928,153711,0.305869796252039,502537.360286928,"LGL Spreadsheet - Table 11"
2,"Nass River","Sockeye",2022,444703.910330195,178361,0.286263914148972,623064.910330195,"LGL Spreadsheet - Table 11"
2,"Skeena River","Sockeye",1982,1235599.91107769,2529343.08892231,0.67,3764943,"LGL Spreadsheet - Table 10"
2,"Skeena River","Sockeye",1983,972042.663457025,995088.336542975,0.5,1967131,"LGL Spreadsheet - Table 10"
2,"Skeena River","Sockeye",1984,1116654.37019333,1311103.62980667,0.53,2427758,"LGL Spreadsheet - Table 10"
2,"Skeena River","Sockeye",1985,2356184.47158303,2981384.52841697,0.57,5337569,"LGL Spreadsheet - Table 10"
2,"Skeena River","Sockeye",1986,808956.387485574,1033807.61251443,0.56,1842764,"LGL Spreadsheet - Table 10"
2,"Skeena River","Sockeye",1987,1429371.12438568,971070.87561432,0.4,2400442,"LGL Spreadsheet - Table 10"
2,"Skeena River","Sockeye",1988,1500118.58853564,2502578.41146436,0.62,4002697,"LGL Spreadsheet - Table 10"
2,"Skeena River","Sockeye",1989,1210364.52245563,1422574.47754437,0.54,2632939,"LGL Spreadsheet - Table 10"
2,"Skeena River","Sockeye",1990,1053959.72628784,1668013.27371216,0.61,2721973,"LGL Spreadsheet - Table 10"
2,"Skeena River","Sockeye",1991,1384904.75080369,2374649.24919632,0.63,3759554,"LGL Spreadsheet - Table 10"
2,"Skeena River","Sockeye",1992,1390090.08667502,2809378.91332498,0.65,4199469,"LGL Spreadsheet - Table 10"
2,"Skeena River","Sockeye",1993,1736514,3017284,0.63,4753798,"LGL Spreadsheet - Table 10"
2,"Skeena River","Sockeye",1994,1093797.4467853,1626145.5532147,0.58,2719943,"LGL Spreadsheet - Table 10"
2,"Skeena River","Sockeye",1995,1826453.7380648,3783561.26193519,0.66,5610015,"LGL Spreadsheet - Table 10"
2,"Skeena River","Sockeye",1996,1871693.66032646,5614716.33967354,0.72,7486410,"LGL Spreadsheet - Table 10"
2,"Skeena River","Sockeye",1997,951598.341400373,2807857.65859963,0.68,3759456,"LGL Spreadsheet - Table 10"
2,"Skeena River","Sockeye",1998,538318.235109993,464553.764890007,0.42,1002872,"LGL Spreadsheet - Table 10"
2,"Skeena River","Sockeye",1999,677809.871557658,250432.128442342,0.22,928242,"LGL Spreadsheet - Table 10"
2,"Skeena River","Sockeye",2000,1396599.149296,3295645.850704,0.69,4692245,"LGL Spreadsheet - Table 10"
2,"Skeena River","Sockeye",2001,1471664.71377696,2913010.28622304,0.65,4384675,"LGL Spreadsheet - Table 10"
2,"Skeena River","Sockeye",2002,647049.31805791,725479.72174209,0.53,1372529.04,"LGL Spreadsheet - Table 10"
2,"Skeena River","Sockeye",2003,1361356.93261943,767696.82968057,0.35,2129053.762,"LGL Spreadsheet - Table 10"
2,"Skeena River","Sockeye",2004,971630.012437679,663269.307362321,0.38,1634899.32,"LGL Spreadsheet - Table 10"
2,"Skeena River","Sockeye",2005,740782.409214439,362812.178585561,0.3,1103594.588,"LGL Spreadsheet - Table 10"
2,"Skeena River","Sockeye",2006,1235385.92284587,1640027.95615413,0.56,2875413.879,"LGL Spreadsheet - Table 10"
2,"Skeena River","Sockeye",2007,1079175.4983,1070690.5,0.46,2149865.998,"LGL Spreadsheet - Table 10"
2,"Skeena River","Sockeye",2008,895582.3276,1255723,0.56,2151305.328,"LGL Spreadsheet - Table 10"
2,"Skeena River","Sockeye",2009,777113,250510,0.21,1027623,"LGL Spreadsheet - Table 10"
2,"Skeena River","Sockeye",2010,699489.359837651,257184.640162349,0.23,956674,"LGL Spreadsheet - Table 10"
2,"Skeena River","Sockeye",2011,955221.64291971,976051.35708029,0.46,1931273,"LGL Spreadsheet - Table 10"
2,"Skeena River","Sockeye",2012,1165110.60588215,1095241.39411785,0.46,2260352,"LGL Spreadsheet - Table 10"
2,"Skeena River","Sockeye",2013,395894.619505734,84150.380494266,0.1,480045,"LGL Spreadsheet - Table 10"
2,"Skeena River","Sockeye",2014,1549954.91960682,1724896.08039318,0.5,3274851,"LGL Spreadsheet - Table 10"
2,"Skeena River","Sockeye",2015,1277681.15395366,868611.846046342,0.36,2146293,"LGL Spreadsheet - Table 10"
2,"Skeena River","Sockeye",2016,931953.923607738,765885.076392262,0.4,1697839,"LGL Spreadsheet - Table 10"
2,"Skeena River","Sockeye",2017,918346,135814,0.1,1054160,"LGL Spreadsheet - Table 10"
2,"Skeena River","Sockeye",2018,1230567.5,539923.5,0.28,1770491,"LGL Spreadsheet - Table 10"
2,"Skeena River","Sockeye",2019,575125.5,247284.5,0.25,822410,"LGL Spreadsheet - Table 10"
2,"Skeena River","Sockeye",2020,1331079,357169,0.21,1688248,"LGL Spreadsheet - Table 10"
2,"Skeena River","Sockeye",2021,1108628,618333,0.36,1726961,"LGL Spreadsheet - Table 10"
2,"Skeena River","Sockeye",2022,2528148,1810000,0.417228734473789,4338148,"LGL Spreadsheet - Table 10"
