Year,Management Group,Spawning Escapement,Run Size Adjustment (RSA),U.S. Catch,Canada Catch,Test Fishing Catch,Total Catch,Run Size,In-season Run Size
1893,Total Fraser,8050000,NA,NA,NA,NA,8290000,16340000,NA
1894,Total Fraser,2300000,NA,NA,NA,NA,4545000,6845000,NA
1895,Total Fraser,1835000,NA,NA,NA,NA,5515000,7350000,NA
1896,Total Fraser,660000,NA,NA,NA,NA,4500000,5160000,NA
1897,Total Fraser,11200000,NA,NA,NA,NA,16865000,28065000,NA
1898,Total Fraser,540000,NA,NA,NA,NA,5095000,5635000,NA
1899,Total Fraser,1420000,NA,NA,NA,NA,12155000,13575000,NA
1900,Total Fraser,380000,NA,NA,NA,NA,4435000,4815000,NA
1901,Total Fraser,12600000,NA,NA,NA,NA,27595000,40195000,NA
1902,Total Fraser,450000,NA,NA,NA,NA,7230000,7680000,NA
1903,Total Fraser,470000,NA,NA,NA,NA,4300000,4770000,NA
1904,Total Fraser,200000,NA,NA,NA,NA,2490000,2690000,NA
1905,Total Fraser,10150000,NA,NA,NA,NA,21920000,32070000,NA
1906,Total Fraser,435000,NA,NA,NA,NA,4160000,4595000,NA
1907,Total Fraser,200000,NA,NA,NA,NA,1805000,2005000,NA
1908,Total Fraser,190000,NA,NA,NA,NA,2805000,2995000,NA
1909,Total Fraser,4730000,NA,NA,NA,NA,23120000,27850000,NA
1910,Total Fraser,765000,NA,NA,NA,NA,4575000,5340000,NA
1911,Total Fraser,165000,NA,NA,NA,NA,2230000,2395000,NA
1912,Total Fraser,345000,NA,NA,NA,NA,3485000,3830000,NA
1913,Total Fraser,6450000,NA,NA,NA,NA,32335000,38785000,NA
1914,Total Fraser,670000,NA,NA,NA,NA,5815000,6485000,NA
1915,Total Fraser,370000,NA,NA,NA,NA,1855000,2225000,NA
1916,Total Fraser,130000,NA,NA,NA,NA,1335000,1465000,NA
1917,Total Fraser,615000,NA,NA,NA,NA,7180000,7795000,NA
1918,Total Fraser,85000,NA,NA,NA,NA,840000,925000,NA
1919,Total Fraser,240000,NA,NA,NA,NA,1285000,1525000,NA
1920,Total Fraser,200000,NA,NA,NA,NA,1215000,1415000,NA
1921,Total Fraser,215000,NA,NA,NA,NA,1695000,1910000,NA
1922,Total Fraser,420000,NA,NA,NA,NA,1110000,1530000,NA
1923,Total Fraser,305000,NA,NA,NA,NA,885000,1190000,NA
1924,Total Fraser,265000,NA,NA,NA,NA,1250000,1515000,NA
1925,Total Fraser,180000,NA,NA,NA,NA,1890000,2070000,NA
1926,Total Fraser,630000,NA,NA,NA,NA,1720000,2350000,NA
1927,Total Fraser,620000,NA,NA,NA,NA,1980000,2600000,NA
1928,Total Fraser,130000,NA,NA,NA,NA,1064000,1194000,NA
1929,Total Fraser,300000,NA,NA,NA,NA,2281000,2581000,NA
1930,Total Fraser,2625000,NA,NA,NA,NA,4969000,7594000,NA
1931,Total Fraser,220000,NA,NA,NA,NA,1715000,1935000,NA
1932,Total Fraser,245000,NA,NA,NA,NA,1882000,2127000,NA
1933,Total Fraser,345000,NA,NA,NA,NA,2637000,2982000,NA
1934,Total Fraser,1390000,NA,NA,NA,NA,5337000,6727000,NA
1935,Total Fraser,295000,NA,NA,NA,NA,1933000,2228000,NA
1936,Total Fraser,590000,NA,NA,NA,NA,3045000,3635000,NA
1937,Total Fraser,680000,NA,NA,NA,NA,2628000,3308000,NA
1938,Total Fraser,888584,NA,NA,NA,NA,3500000,4388584,NA
1939,Total Fraser,157769,NA,NA,NA,NA,1458000,1615769,NA
1940,Total Fraser,552476,NA,NA,NA,NA,2187000,2739476,NA
1941,Total Fraser,541515,NA,NA,NA,NA,4303000,4844515,NA
1942,Total Fraser,2884524,NA,NA,NA,NA,8765000,11649524,NA
1943,Total Fraser,242724,NA,NA,NA,NA,724000,966724,NA
1944,Total Fraser,315934,NA,NA,NA,NA,1574000,1889934,NA
1945,Total Fraser,553839,NA,NA,NA,NA,1813000,2366839,NA
1946,Total Fraser,2915964,NA,NA,NA,NA,8211635,11127599,NA
1947,Total Fraser,650082,NA,NA,NA,NA,674530,1324612,NA
1948,Total Fraser,1015551,NA,NA,NA,NA,2052047,3067598,NA
1949,Total Fraser,1085549,NA,NA,NA,NA,2471353,3556902,NA
1950,Total Fraser,1790393,NA,NA,NA,NA,2559148,4349541,NA
1951,Total Fraser,606154,NA,NA,NA,NA,2802000,3408154,NA
1952,Early Stuart,33582,NA,64771,93360,NA,158132,191714,NA
1952,Early Summer,87026,NA,139764,139248,NA,279013,366039,NA
1952,Late,141350,NA,157617,235795,NA,393413,534763,NA
1952,Summer,583620,NA,746524,769610,NA,1516135,2099755,NA
1952,Total Fraser,845578,NA,1108677,1238015,NA,2346693,3192271,NA
1953,Early Stuart,154312,NA,446133,364817,NA,810951,965263,NA
1953,Early Summer,83212,NA,206589,184643,NA,391234,474446,NA
1953,Late,299293,NA,271141,410956,NA,682098,981391,NA
1953,Summer,757381,NA,1117143,1128388,NA,2245532,3002913,NA
1953,Total Fraser,1294198,NA,2041008,2088806,NA,4129815,5424013,NA
1954,Early Stuart,35058,NA,104523,81987,NA,186511,221569,NA
1954,Early Summer,59248,NA,170008,133765,NA,303775,363023,NA
1954,Late,2127724,NA,4342740,3527356,4693,7874790,10002514,NA
1954,Summer,225234,NA,565294,688153,29,1253478,1478712,NA
1954,Total Fraser,2447264,NA,5182567,4431262,4723,9618554,12065818,NA
1955,Early Stuart,2170,NA,53842,59693,1,113537,115707,NA
1955,Early Summer,41600,NA,128369,113269,73,241713,283313,NA
1955,Late,136940,NA,354070,513698,354,868123,1005063,NA
1955,Summer,202529,NA,466004,489071,299,955375,1157904,NA
1955,Total Fraser,383239,17486,1002286,1175733,728,2178748,2579473,NA
1956,Early Stuart,25157,NA,27572,33975,1,61550,86707,NA
1956,Early Summer,52988,NA,71522,83000,76,154599,207587,NA
1956,Late,91544,NA,118228,163996,29,282254,373798,NA
1956,Summer,703011,NA,670878,693612,310,1364802,2067813,NA
1956,Total Fraser,872700,NA,888202,974584,417,1863205,2735905,NA
1957,Early Stuart,235033,NA,204827,76482,316,281626,516659,NA
1957,Early Summer,104744,NA,216688,161464,424,378577,483321,NA
1957,Late,373750,NA,407513,335475,19,743010,1116760,NA
1957,Summer,947600,NA,815493,919463,961,1735918,2683518,NA
1957,Total Fraser,1661127,NA,1644523,1492886,1721,3139131,4800258,NA
1958,Early Stuart,38812,NA,4657,114208,NA,118866,157678,NA
1958,Early Summer,113240,NA,123683,367190,396,491271,604511,NA
1958,Late,2403439,NA,4832459,7457130,4575,12294165,14697604,NA
1958,Summer,305387,NA,542817,1445213,1827,1989858,2295245,NA
1958,Total Fraser,2860878,NA,5503618,9383742,6799,14894160,17755038,NA
1959,Early Stuart,2670,NA,1703,3806,NA,5510,8180,NA
1959,Early Summer,117444,NA,270832,148896,326,420055,537499,NA
1959,Late,231170,NA,586477,695610,1952,1284041,1515211,NA
1959,Summer,598047,NA,949765,796768,1214,1747748,2345795,NA
1959,Total Fraser,949331,NA,1808778,1645081,3493,3457354,4406685,NA
1960,Early Stuart,14572,NA,6176,49946,9,56133,70705,NA
1960,Early Summer,46129,NA,64092,78716,256,143065,189194,NA
1960,Late,71204,NA,96912,125518,320,222752,293956,NA
1960,Summer,496004,NA,1030569,1085085,2890,2118546,2614550,NA
1960,Total Fraser,627909,NA,1197751,1339266,3477,2540496,3168405,NA
1961,Early Stuart,199136,NA,460827,374711,1166,836706,1035842,NA
1961,Early Summer,61361,NA,131641,136189,225,268056,329417,NA
1961,Late,136231,NA,51938,59126,2,111067,247298,NA
1961,Summer,853359,NA,739104,916826,1250,1657182,2510541,NA
1961,Total Fraser,1250087,NA,1383511,1486854,2645,2873011,4123098,NA
1962,Early Stuart,26716,NA,21,81760,34,81816,108532,NA
1962,Early Summer,85385,NA,77382,110028,472,187883,273268,NA
1962,Late,1258624,NA,468685,617828,7729,1094243,2352867,NA
1962,Summer,253232,NA,228536,276332,1216,506085,759317,NA
1962,Total Fraser,1623957,NA,774625,1085949,9452,1870027,3493984,NA
1963,Early Stuart,4628,NA,17,10063,235,10316,14944,NA
1963,Early Summer,157353,NA,140132,66656,741,207530,364883,NA
1963,Late,262868,NA,172305,327394,397,500097,762965,NA
1963,Summer,1176669,NA,1007821,650054,4110,1661987,2838656,NA
1963,Total Fraser,1601518,NA,1320277,1054168,5484,2379930,3981448,NA
1964,Early Stuart,2421,NA,2368,35059,285,37714,40135,NA
1964,Early Summer,41259,NA,73822,55249,690,129763,171022,NA
1964,Late,87144,NA,64765,110031,405,175202,262346,NA
1964,Summer,295593,NA,364654,546080,4495,915230,1210823,NA
1964,Total Fraser,426417,NA,505611,746420,5876,1257909,1684326,NA
1965,Early Stuart,23045,NA,114690,116972,1617,233280,256325,NA
1965,Early Summer,35363,NA,103703,118918,1352,223974,259337,NA
1965,Late,112798,NA,46536,121054,322,167914,280712,NA
1965,Summer,681063,NA,740633,932951,9003,1682588,2363651,NA
1965,Total Fraser,852269,NA,1005563,1289896,12296,2307756,3160025,NA
1966,Early Stuart,10859,NA,4951,55012,258,60223,71082,NA
1966,Early Summer,55728,NA,97025,165269,513,262809,318537,NA
1966,Late,1473667,NA,699099,1046622,3777,1749500,3223167,NA
1966,Summer,379027,NA,545980,897114,2780,1445876,1824903,NA
1966,Total Fraser,1919281,NA,1347056,2164018,7331,3518408,5437689,NA
1967,Early Stuart,21069,NA,18956,59446,76,78479,99548,NA
1967,Early Summer,73979,NA,237823,259038,1442,498305,572284,NA
1967,Late,964123,NA,1256815,1794918,4010,3055745,4019868,NA
1967,Summer,294469,NA,693398,1028439,9230,1731068,2025537,NA
1967,Total Fraser,1353640,NA,2206994,3141842,14760,5363597,6717237,NA
1968,Early Stuart,1587,NA,2262,24322,25,26610,28197,NA
1968,Early Summer,39031,NA,101259,149518,761,251540,290571,NA
1968,Late,119407,NA,144844,195190,745,340780,460187,NA
1968,Summer,466600,NA,661268,1009045,6634,1676949,2143549,NA
1968,Total Fraser,626625,NA,909634,1378077,8166,2295879,2922504,NA
1969,Early Stuart,109818,NA,70969,248999,3132,323101,432919,NA
1969,Early Summer,77068,NA,185808,96302,1087,283198,360266,NA
1969,Late,186710,NA,161966,268592,575,431135,617845,NA
1969,Summer,627544,NA,1198305,1632716,8408,2839430,3466974,NA
1969,Total Fraser,1001140,NA,1617049,2246611,13203,3876864,4878004,NA
1970,Early Stuart,32747,NA,10326,39955,141,50423,83170,NA
1970,Early Summer,25345,NA,94063,128667,1502,224234,249579,NA
1970,Late,1659991,NA,879589,1951434,9047,2840072,4500063,NA
1970,Summer,225138,NA,407810,692016,6467,1106294,1331432,NA
1970,Total Fraser,1943221,NA,1391789,2812073,17160,4221023,6164244,NA
1971,Early Stuart,95942,NA,105226,122963,2028,230218,326160,NA
1971,Early Summer,90156,NA,272712,366354,4700,643768,733924,NA
1971,Late,338014,NA,1324305,2188754,7379,3520440,3858454,NA
1971,Summer,235734,NA,1134547,1407128,12001,2553678,2789412,NA
1971,Total Fraser,759846,NA,2836793,4085200,26110,6948104,7707950,NA
1972,Early Stuart,5086,NA,1836,16355,910,19102,24188,NA
1972,Early Summer,38307,NA,153921,162205,2915,319043,357350,NA
1972,Late,159442,NA,145825,320281,2335,468442,627884,NA
1972,Summer,627239,NA,826286,1230697,13678,2070663,2697902,NA
1972,Total Fraser,830074,NA,1127869,1729541,19839,2877250,3707324,NA
1973,Early Stuart,300653,NA,749526,307411,9877,1066816,1367469,NA
1973,Early Summer,46276,NA,114453,114144,1517,230115,276391,NA
1973,Late,242974,NA,331384,670820,6143,1008349,1251323,NA
1973,Summer,591190,NA,1426659,1948063,16259,3390983,3982173,NA
1973,Total Fraser,1181093,NA,2622024,3040440,33798,5696263,6877356,NA
1974,Early Stuart,39659,NA,8002,137341,2245,147589,187248,NA
1974,Early Summer,75617,NA,110629,173074,2839,286543,362160,NA
1974,Late,1417697,NA,1955081,3426399,24277,5405758,6823455,NA
1974,Summer,224516,NA,386663,623888,7876,1018428,1242944,NA
1974,Total Fraser,1757489,NA,2460377,4360702,37237,6858318,8615807,NA
1975,Early Stuart,65780,NA,130071,208388,7000,345460,411240,NA
1975,Early Summer,139001,NA,251893,109694,8353,369941,508942,NA
1975,Late,308887,NA,591870,377443,8940,978255,1287142,NA
1975,Summer,477061,NA,558787,407198,18247,984234,1461295,NA
1975,Total Fraser,990729,NA,1532622,1102725,42542,2677890,3668619,NA
1976,Early Stuart,12648,NA,1077,30300,160,31539,44187,NA
1976,Early Summer,76667,NA,180618,228601,6962,416183,492850,NA
1976,Late,174839,NA,201999,595280,9013,806293,981132,NA
1976,Summer,559269,NA,937967,1308938,28799,2275705,2834974,NA
1976,Total Fraser,823423,NA,1321662,2163120,44936,3529720,4353143,NA
1977,Early Stuart,118017,138745,608559,596463,26037,1231061,1487823,NA
1977,Early Summer,58263,NA,64960,120593,5561,191116,249379,NA
1977,Late,188735,NA,143184,487021,3189,633396,822131,NA
1977,Summer,748438,77250,929333,1785422,38543,2753299,3578987,NA
1977,Total Fraser,1113453,215995,1746037,2989501,73332,4808872,6138320,NA
1978,Early Stuart,50097,43619,6571,86653,3140,96365,190081,NA
1978,Early Summer,102597,NA,85462,203259,5877,294600,397197,NA
1978,Late,2096523,NA,1094781,4530820,19190,5644793,7741316,NA
1978,Summer,265101,NA,168023,729838,8114,905977,1171078,NA
1978,Total Fraser,2514318,43619,1354839,5550573,36323,6941735,9499672,NA
1979,Early Stuart,92763,30060,9776,113968,6237,129982,252805,NA
1979,Early Summer,204347,20128,234557,237879,5639,478076,702551,NA
1979,Late,465031,45001,486611,882918,5857,1375386,1885418,NA
1979,Summer,645687,37842,1039026,1995491,13687,3048205,3731734,NA
1979,Total Fraser,1407828,133031,1769970,3230258,31421,5031649,6572508,NA
1980,Early Stuart,17026,19665,74,14184,935,15194,51885,NA
1980,Early Summer,72047,47514,25561,82745,3229,111536,231097,NA
1980,Late,172920,99494,144262,488074,7588,639925,912339,NA
1980,Summer,586327,36682,289828,1104397,15400,1409626,2032635,NA
1980,Total Fraser,848320,203355,459725,1689401,27154,2176281,3227956,NA
1981,Early Stuart,138072,72287,228372,382982,17482,628837,839196,NA
1981,Early Summer,84592,19586,104759,242502,6937,354199,458377,NA
1981,Late,163613,22305,153479,670471,6044,829995,1015913,NA
1981,Summer,1064972,196352,792111,3688181,41298,4521592,5782916,NA
1981,Total Fraser,1451249,310530,1278723,4984136,71763,6334623,8096402,NA
1982,Early Stuart,4560,44904,159,65795,1322,67277,116741,NA
1982,Early Summer,98420,21034,180858,199333,8677,388869,508323,NA
1982,Late,3528090,15062,2060211,5755569,28418,7844200,11387352,NA
1982,Summer,392280,NA,618276,1018260,15879,1652416,2044696,NA
1982,Total Fraser,4023350,81000,2859506,7038958,54297,9952762,14057112,NA
1983,Early Stuart,23874,25290,18,63942,1679,65640,114804,NA
1983,Early Summer,100513,2396,18589,150982,3388,172961,275870,NA
1983,Late,328920,157296,250713,1970809,6196,2227719,2713935,NA
1983,Summer,522594,NA,186152,1520624,11947,1718724,2241318,NA
1983,Total Fraser,975901,184982,455474,3706359,23212,4185044,5345927,NA
1984,Early Stuart,45247,NA,239,9437,1140,10817,56064,NA
1984,Early Summer,105651,67258,95079,191911,8287,295279,468188,NA
1984,Late,110844,72552,91523,454444,2691,548660,732056,NA
1984,Summer,669929,NA,1448356,2659293,26354,4134004,4803933,NA
1984,Total Fraser,931671,139810,1635198,3315086,38474,4988760,6060241,NA
1985,Early Stuart,237544,NA,12822,111402,5740,129966,367510,NA
1985,Early Summer,42648,NA,37394,110099,1350,148845,191493,NA
1985,Late,95129,NA,97447,281655,2073,381177,476306,NA
1985,Summer,1766292,NA,2726883,8165062,50562,10942509,12708801,NA
1985,Total Fraser,2141613,NA,2874548,8668219,59727,11602497,13744110,NA
1986,Early Stuart,29004,NA,142,14082,1513,15739,44743,NA
1986,Early Summer,227095,NA,204711,356361,8593,569667,796762,NA
1986,Late,2837180,818049,1868405,7612458,42058,9522923,13178152,NA
1986,Summer,624165,62500,706499,1403106,22947,2132553,2819218,NA
1986,Total Fraser,3717444,880549,2779759,9386008,75113,12240882,16838875,NA
1987,Early Stuart,148438,13023,1015,23954,4528,29498,190959,NA
1987,Early Summer,199713,50498,108972,304438,8934,422346,672557,NA
1987,Late,889500,NA,1037488,1669950,20939,2728377,3617877,NA
1987,Summer,677092,NA,781723,1734824,22543,2539091,3216183,NA
1987,Total Fraser,1914743,63521,1929200,3733167,56945,5719312,7697576,NA
1988,Early Stuart,182129,NA,7547,29266,5197,42010,224139,NA
1988,Early Summer,204311,NA,92373,156381,7111,255867,460178,NA
1988,Late,235406,202573,201837,754144,15084,971067,1409046,NA
1988,Summer,796429,NA,369648,687217,22118,1078984,1875413,NA
1988,Total Fraser,1418275,202573,671406,1627009,49511,2347928,3968776,NA
1989,Early Stuart,384819,NA,174872,638038,14507,827419,1212238,NA
1989,Early Summer,64297,57123,62699,205797,2161,270658,392078,NA
1989,Late,84716,95299,49341,350808,1701,401851,581866,NA
1989,Summer,2577886,20911,2151250,11749489,58855,13959595,16558392,NA
1989,Total Fraser,3111718,173333,2438163,12944132,77226,15459523,18744574,NA
1990,Early Stuart,97049,36242,395,53607,3984,57987,191278,NA
1990,Early Summer,442074,16374,156451,727484,12901,896838,1355286,NA
1990,Late,3932961,NA,1442811,6144127,44030,7630969,11563930,NA
1990,Summer,1612748,272956,818891,6140950,34884,6994727,8880431,NA
1990,Total Fraser,6084832,325572,2418549,13066170,95801,15580521,21990925,NA
1991,Early Stuart,141152,70320,41311,316710,13309,371331,582803,NA
1991,Early Summer,267991,175847,69770,469647,15675,555092,998930,NA
1991,Late,1646370,39513,746265,2324415,64316,3134997,4820880,NA
1991,Summer,1275996,NA,1019997,2827429,47864,3895291,5171287,NA
1991,Total Fraser,3331509,285680,1877344,5938202,141165,7956711,11573900,NA
1992,Early Stuart,66520,103211,119,202236,5785,208141,377872,NA
1992,Early Summer,98815,69730,54789,485292,5987,546070,714615,NA
1992,Late,299347,NA,118519,565335,1362,685216,984563,NA
1992,Summer,655974,226799,513813,2948119,6846,3468779,4351552,NA
1992,Total Fraser,1120656,399740,687241,4200983,19981,4908206,6428602,NA
1993,Early Stuart,688015,NA,1658,448859,13173,463691,1151706,NA
1993,Early Summer,82066,39576,43994,96162,3312,143469,265111,NA
1993,Late,370159,124060,434392,1959137,9279,2402810,2897029,NA
1993,Summer,5087856,NA,2401438,12382943,68691,14853074,19940930,NA
1993,Total Fraser,6228096,163636,2881484,14887103,94455,17863044,24254776,NA
1994,Early Stuart,29519,142278,42,43387,3113,46544,218341,NA
1994,Early Summer,247496,137415,116656,451114,14322,582094,967005,NA
1994,Late,1489835,NA,1234993,6103144,21080,7359219,8849054,NA
1994,Summer,1336786,548632,726980,4612579,42894,5382454,7267872,NA
1994,Total Fraser,3103636,828325,2078673,11210226,81410,13370311,17302272,NA
1995,Early Stuart,122862,64833,1527,7477,6408,15413,203108,NA
1995,Early Summer,169274,NA,43466,84801,10686,138954,308228,NA
1995,Late,525824,NA,145797,472208,19019,637026,1162850,NA
1995,Summer,939049,NA,243751,1072579,46966,1363298,2302347,NA
1995,Total Fraser,1757009,64833,434542,1637066,83080,2154691,3976533,NA
1996,Early Stuart,88453,39613,0,3999,5523,9523,137589,NA
1996,Early Summer,315703,45550,9067,118629,12296,139994,501247,NA
1996,Late,158462,311778,95091,344581,18278,457951,928191,NA
1996,Summer,1493618,NA,201730,1347450,43252,1592434,3086052,NA
1996,Total Fraser,2056236,396941,305890,1814660,79351,2199902,4653079,NA
1997,Early Stuart,266946,606726,130962,664443,28882,824288,1697960,NA
1997,Early Summer,83153,118582,35709,159207,5742,200660,402395,NA
1997,Late,89380,101205,122017,657816,8661,788495,979080,NA
1997,Summer,3822790,837,1295428,8233101,116517,9645048,13468675,NA
1997,Total Fraser,4262269,827350,1584118,9714569,159803,11458491,16548110,NA
1998,Early Stuart,32590,136122,33,19565,6325,25925,194637,NA
1998,Early Summer,221015,205790,41499,148228,8538,198266,625071,NA
1998,Late,1776965,1472089,252769,552149,29677,834596,4083650,NA
1998,Summer,2397109,1500261,413020,1587723,62506,2063250,5960620,NA
1998,Total Fraser,4427679,3314262,707323,2307666,107047,3122037,10863978,NA
1999,Early Stuart,24550,145922,0,5628,4156,9785,180257,NA
1999,Early Summer,98156,194556,1865,71388,9507,82762,375474,NA
1999,Late,447759,734470,23280,98036,33904,155221,1337450,NA
1999,Summer,1297304,137909,16172,242385,55212,313771,1748984,NA
1999,Total Fraser,1867769,1212857,41318,417438,102781,561539,3642165,NA
2000,Early Stuart,89859,80550,1829,227295,11071,240197,410606,NA
2000,Early Summer,498051,NA,60058,273855,27143,361057,859108,NA
2000,Late,33862,329722,90341,270755,11435,372532,736116,NA
2000,Summer,1732488,NA,343982,1089440,53415,1486838,3219326,NA
2000,Total Fraser,2354260,410272,496211,1861346,103065,2460624,5225156,NA
2001,Early Stuart,170983,8864,0,40649,4112,44762,224609,NA
2001,Early Summer,261915,70084,6787,50228,8816,65833,397832,NA
2001,Late,104174,224840,12766,41957,8734,63458,392472,NA
2001,Summer,4741745,NA,264486,1052342,113274,1430103,6171848,NA
2001,Total Fraser,5278817,303788,284039,1185177,134938,1604156,7186761,NA
2002,Early Stuart,24637,29259,3,6890,1338,8232,62128,NA
2002,Early Summer,435878,79880,41970,196065,15881,253918,769676,NA
2002,Late,5874833,535378,124528,1170912,61498,1356939,7767150,NA
2002,Summer,3795677,389478,282301,2236406,82505,2601214,6786369,NA
2002,Total Fraser,10131025,1033995,448805,3610274,161223,4220303,15385323,NA
2003,Early Stuart,13166,11961,0,3390,598,3990,29117,NA
2003,Early Summer,158520,71109,30197,173666,13583,217447,447076,NA
2003,Late,762943,104531,72715,397616,36153,506485,1373959,NA
2003,Summer,1053086,327534,209619,1341029,71472,1622121,3002741,NA
2003,Total Fraser,1987715,515135,312532,1915702,121808,2350043,4852893,NA
2004,Early Stuart,9286,69426,232,42396,2873,45502,124214,NA
2004,Early Summer,142779,432769,45570,456430,19473,521474,1097022,NA
2004,Late,89941,136336,30797,75518,4347,110664,336941,NA
2004,Summer,283303,767664,180273,1422547,44479,1647301,2698268,NA
2004,Total Fraser,525309,1406195,256874,1996893,71173,2324941,4256445,NA
2005,Early Stuart,98537,89329,61,18248,2820,21131,208997,NA
2005,Early Summer,124549,88420,18136,49328,9931,77396,290365,NA
2005,Late,184494,145186,46209,47671,4878,98760,428440,NA
2005,Summer,2953052,1446098,447906,1030193,100819,1578920,5978070,NA
2005,Total Fraser,3360632,1769033,512314,1145442,118449,1776207,6905872,NA
2006,Early Stuart,35816,12869,71,4835,1981,6889,55574,NA
2006,Early Summer,360720,556018,131907,521510,29768,683186,1599924,NA
2006,Late,3249597,2033005,411468,2878082,74325,3363876,8646478,NA
2006,Summer,1016724,328202,200084,1155641,33489,1389215,2734141,NA
2006,Total Fraser,4662857,2930094,743533,4560069,139564,5443166,13036117,NA
2007,Early Stuart,5347,9789,NA,1013,72,1086,16222,NA
2007,Early Summer,90962,7971,18957,13056,3057,35070,134003,NA
2007,Late,199343,126087,61614,33450,9500,104565,429995,NA
2007,Summer,593244,140311,88378,151987,23185,263552,997107,NA
2007,Total Fraser,888896,284158,168950,199506,35816,404273,1577327,NA
2008,Early Stuart,29916,2630,149,2611,458,3220,35766,NA
2008,Early Summer,174632,111839,8800,88534,10334,107669,394140,NA
2008,Late,26085,146435,3310,25298,5014,33623,206143,NA
2008,Summer,586387,66854,38866,361782,27616,428265,1081506,NA
2008,Total Fraser,817020,327758,51125,478226,43423,572777,1717555,NA
2009,Early Stuart,45297,26603,247,5769,1958,7976,79876,NA
2009,Early Summer,77947,35394,718,7985,4200,12905,126246,NA
2009,Late,172386,138553,5027,6496,5500,17025,327964,NA
2009,Summer,807691,242698,11238,51415,22482,85137,1135526,NA
2009,Total Fraser,1103321,443248,17232,71668,34141,123043,1669612,NA
2010,Early Stuart,60262,38483,203,3755,2420,6379,105124,NA
2010,Early Summer,1523307,171752,218652,961334,24252,1204240,2899299,NA
2010,Late,7789563,656514,1273696,8349714,24574,9647985,18094062,NA
2010,Summer,3769430,604817,467136,2247835,27367,2742340,7116587,NA
2010,Total Fraser,13142562,1471566,1959688,11562639,78615,13600944,28215072,NA
2011,Early Stuart,758,22211,28,2026,207,2263,25232,NA
2011,Early Summer,216337,52720,11632,130710,6810,149153,418210,NA
2011,Late,492496,194377,90784,337316,10863,438964,1125837,NA
2011,Summer,1876751,510172,194652,951022,26903,1172579,3559502,NA
2011,Total Fraser,2586342,779480,297097,1421075,44784,1762959,5128781,NA
2012,Early Stuart,26233,148654,9,6917,1846,8774,183661,NA
2012,Early Summer,276018,125684,8441,60032,8690,77165,478867,NA
2012,Late,62173,32398,13224,32331,3918,49473,144044,NA
2012,Summer,561043,170681,96836,409141,21677,527656,1259380,NA
2012,Total Fraser,925467,477417,118512,508422,36133,663068,2065952,NA
2013,Early Stuart,86311,84344,51,9353,2040,11446,182101,NA
2013,Early Summer,210690,95162,2266,44539,12029,58835,364687,NA
2013,Late,321044,470174,14397,32630,11865,58893,850111,NA
2013,Summer,1954051,529436,49915,324105,74386,448408,2931895,NA
2013,Total Fraser,2572096,1179116,66631,410628,100321,577582,4328794,NA
2014,Early Stuart,68613,33355,7,22611,2860,25480,127448,NA
2014,Early Summer,651281,284254,36374,772786,27138,836300,1771835,NA
2014,Late,2303163,583227,538104,5053692,42115,5633913,8520303,NA
2014,Summer,2867466,942229,312845,4270117,80714,4663677,8473372,NA
2014,Total Fraser,5890523,1843065,887332,10119209,152828,11159370,18892958,NA
2015,Early Stuart,10096,17846,NA,573,233,807,28749,NA
2015,Early Summer,137845,93167,15633,32908,6608,55150,286162,NA
2015,Late,68022,30355,13253,4055,2196,19506,117883,NA
2015,Summer,977005,301175,121703,149779,29533,301017,1579197,NA
2015,Total Fraser,1192968,442543,150590,187316,38572,376480,2011991,NA
2016,Early Stuart,8612,7400,175,1472,169,1817,17829,NA
2016,Early Summer,156520,36524,3728,24103,2594,30427,223471,NA
2016,Late,44091,11724,2098,5470,650,8219,64034,NA
2016,Summer,277809,98298,31096,117335,6244,154676,530783,NA
2016,Total Fraser,487032,153946,37098,148382,9658,195139,836117,NA
2017,Early Stuart,15433,3858,47,2642,318,3008,22299,NA
2017,Early Summer,68477,26241,1446,1914,1431,4793,99511,NA
2017,Late,83120,45033,2072,4626,1967,8666,136819,NA
2017,Summer,788761,159488,16579,62545,10255,89380,1037629,NA
2017,Total Fraser,955791,234620,20145,71728,13972,105847,1296258,NA
2018,Early Stuart,48489,37464,753,6712,1048,8514,94467,NA
2018,Early Summer,718520,394783,202569,577299,24625,804495,1917798,NA
2018,Late,1584836,182024,332055,2338419,37294,2707770,4474630,NA
2018,Summer,1750333,424742,511899,1806307,52611,2370818,4545893,NA
2018,Total Fraser,4102178,1039013,1047277,4728739,115579,5891597,11032788,NA
2019,Early Stuart,89,25340,122,117,74,314,25743,NA
2019,Early Summer,45057,64053,6820,1505,1079,9405,118515,NA
2019,Late,10822,7744,4194,31,275,4501,23067,NA
2019,Summer,248600,85077,66976,8121,5066,80165,413842,NA
2019,Total Fraser,304568,182214,78113,9775,6495,94385,581167,NA
2020,Early Stuart,30,19970,28,26,112,167,20167,NA
2020,Early Summer,80334,25774,733,364,1261,2359,108467,NA
2020,Late,6563,1991,580,10,124,716,9270,NA
2020,Summer,186916,51154,6111,10914,3163,20189,258259,NA
2020,Total Fraser,273843,98889,7453,11315,4662,23431,396163,NA
2021,Early Stuart,54013,23149,NA,731,748,1480,78642,NA
2021,Early Summer,105621,43070,5862,1020,1492,8375,157066,NA
2021,Late,165137,83459,13286,9689,2235,25212,273808,NA
2021,Summer,1580984,209433,67671,77558,13972,159203,1949620,NA
2021,Total Fraser,1905755,359111,86821,89000,18448,194270,2459136,NA
2022,Early Stuart,24929,224361,1004,3731,1063,5799,255089,NA
2022,Early Summer,550924,254380,21289,58595,6545,86431,891735,NA
2022,Late,962091,338138,144365,429950,11443,585760,1885989,NA
2022,Summer,1972035,729337,258651,634934,23214,916800,3618172,NA
2022,Total Fraser,3509979,1546216,425311,1127211,42266,1594790,6650985,NA
2023,Early Stuart,9819,15639,238,467,253,959,26417,NA
2023,Early Summer,187130,135273,291,2461,4148,6901,329304,NA
2023,Late,129646,82372,2373,197,2670,5241,217259,NA
2023,Summer,593980,219860,7641,20619,10282,38543,852383,NA
2023,Total Fraser,920575,453144,10544,23745,17354,51644,1425363,NA
2024,Early Stuart,356,545,NA,1,3,5,906,NA
2024,Early Summer,172418,105532,NA,1103,1612,2716,280666,NA
2024,Late,33998,12523,NA,502,223,726,47247,NA
2024,Summer,270925,268948,NA,16346,4186,20533,560406,NA
2024,Total Fraser,477697,387548,NA,17954,6025,23980,889225,NA
2025,Early Stuart,NA,NA,NA,NA,NA,NA,NA,736788
2025,Early Summer,NA,NA,NA,NA,NA,NA,NA,409494
2025,Summer,NA,NA,NA,NA,NA,NA,NA,6891916
2025,Late,NA,NA,NA,NA,NA,NA,NA,1035179
2025,Total Fraser,NA,NA,NA,NA,NA,NA,NA,9073378