"paste(locationid, channel)", avg_release ,release_site_name,release_stage,channel,species_name
1246 TRUE," 67,658,947 ",Fulton Channel #2,Chan Fry,TRUE,Sockeye
1218 TRUE," 43,222,238 ",Pinkut Channel,Chan Fry,TRUE,Sockeye
450 TRUE," 18,168,856 ",Little Qualicum River,Chan Fry,TRUE,Chum
470 TRUE," 9,296,574 ",Big Qualicum Channel #2,Chan Fry,TRUE,Chum
1164 TRUE," 7,957,931 ",Nadina River,Chan Fry,TRUE,Sockeye
474 TRUE," 7,347,856 ",Big Qualicum River,Chan Fry,TRUE,Chum
391 TRUE," 6,209,852 ",Weaver Spwaning Channel,Chan Fry,TRUE,"Chum, Pink, Sockeye"
53 FALSE," 2,834,794 ",Nitinat Lake,"Smolt 1+, Seapen, Seapen 0+, Smolt 0+, Fed Fry",FALSE,"Chinook, Chum"
630 FALSE," 2,404,356 ",Moutcha Bay,Seapen 0+,FALSE,Chinook
328 TRUE," 2,399,274 ",Chehalis River,Chan Fry,TRUE,Chum
418 FALSE," 2,281,935 ",Robertson Creek,"Smolt 1+, Smolt 0+, Fed Fry, Unfed",FALSE,"Chinook, Coho"
1307 FALSE," 2,132,313 ",Tahltan Lake,Fed Fry,FALSE,Sockeye
50 FALSE," 2,067,543 ",Nitinat River,"Smolt 0+, Fed Fry, Smolt 1+, Unfed",FALSE,"Chinook, Chum, Coho"
691 FALSE," 1,871,069 ",Quinsam River,"Smolt 1+, Fed Fry, Unfed, Smolt 0+",FALSE,"Coho, Pink, Chinook"
1012 FALSE," 1,859,074 ",Nooklikonnik Creek,Fed Fry,FALSE,Chum
1013 FALSE," 1,797,872 ",Fish Creek + Airport Channel,Fed Fry,FALSE,Chum
450 FALSE," 1,722,333 ",Little Qualicum River,"Smolt 0+, Fed Fry",FALSE,"Chinook, Coho"
1309 FALSE," 1,320,282 ",Tatsamenie Lake,Fed Fry,FALSE,Sockeye
121 FALSE," 1,294,423 ",Powers Creek,Fed Fry,FALSE,Sockeye
840 TRUE," 1,150,665 ",Gates Creek,Chan Fry,TRUE,Sockeye
1005 FALSE," 1,125,196 ",Thorsen + Noohalk Creek,Fed Fry,FALSE,"Chum, Coho"
1016 FALSE," 1,017,117 ",Snootli Creek,"Fed Fry, Unfed",FALSE,"Chum, Coho"
474 FALSE," 1,015,082 ",Big Qualicum River,"Smolt 1+, Smolt 0+, Fed Fry",FALSE,"Sockeye, Coho, Chinook, Chum"
634 FALSE," 932,997 ",Conuma River,"Fed Fry, Seapen 2+, Fed Fall, Seapen, Seapen 0+, Seapen 1+",FALSE,"Chum, Chinook, Coho"
479 FALSE," 877,726 ",Nile Creek,Unfed,FALSE,Pink
143 FALSE," 855,607 ",Okanagan River,"Fed Fry, Smolt 1+, Unfed",FALSE,"Chinook, Sockeye"
589 FALSE," 844,509 ",Puntledge River,"Fed Fry, Unfed, Smolt 0+, Eyed Egg, Smolt 1+",FALSE,"Chum, Chinook, Coho, Pink"
328 FALSE," 785,906 ",Chehalis River,"Fed Fry, Smolt 1+, Unfed",FALSE,"Chum, Coho, Pink, Steelhead"
1172 FALSE," 777,336 ",Kitimat River,"Smolt 0+, Fed Fry, Smolt 1+, Smolt 2+",FALSE,"Chinook, Chum, Coho, Steelhead"
851 FALSE," 739,156 ",Alert Bay,Seapen,FALSE,Chum
695 FALSE," 715,131 ",Campbell River,"Smolt 1+, Smolt 0+, Unfed",FALSE,"Coho, Chinook"
547 FALSE," 666,124 ",A Patterson Channel,"Fed Fry, Fed Fall",FALSE,Sockeye
1017 FALSE," 586,389 ",Saloompt River,"Fed Fry, Smolt 0+, Unfed",FALSE,"Chum, Chinook, Coho"
613 FALSE," 541,112 ",Tlupana River,Fed Fry,FALSE,Chum
267 FALSE," 532,162 ",Siddle Creek,Fed Fry,FALSE,Chum
1007 FALSE," 530,656 ",Atnarko River Lower,"Smolt 0+, Fed Fry, Smolt 1+",FALSE,"Chinook, Chum, Sockeye"
773 FALSE," 527,192 ",Discovery Pass,Seapen 0+,FALSE,Chinook
637 FALSE," 512,239 ",Canton Creek,"Fed Fry, Seapen",FALSE,Chum
638 FALSE," 506,909 ",Sucwoa River,Fed Fry,FALSE,Chum
271 TRUE," 506,708 ",Harrison River,Chan Fry,TRUE,Chum
564 FALSE," 498,057 ",Comox Lake,Fed Fry,FALSE,Coho
659 FALSE," 474,162 ",Sliammon River,"Unfed, Fed Fry",FALSE,"Chum, Coho"
227 FALSE," 467,850 ",Inch Creek,"Fed Fry, Unfed, Smolt 1+",FALSE,"Chum, Coho"
981 FALSE," 454,202 ",McLoughlin Bay,"Fed Fry, Smolt 1+, Seapen, Seapen 1+",FALSE,"Chum, Coho"
556 FALSE," 450,578 ",Corbold Creek,Fed Fry,FALSE,Sockeye
190 FALSE," 383,817 ",Chilliwack River,"Smolt 0+, Fed Fry, Unfed, Smolt 1+",FALSE,"Chinook, Chum, Coho, Steelhead"
402 FALSE," 345,689 ",Englishman River,"Smolt 0+, Fed Fry, Unfed",FALSE,"Chinook, Pink"
654 FALSE," 332,110 ",Muchalat Lake,"Smolt 0+, Seapen 0+",FALSE,Chinook
225 FALSE," 325,775 ",Gallows Point,"Unfed, Seapen",FALSE,"Chum, Pink"
1028 FALSE," 319,290 ",Trout Bay,"Fed Fry, Smolt 1+, Seapen, Seapen 1+",FALSE,"Chum, Coho"
844 FALSE," 314,178 ",Nimpkish River Lower,"Smolt 0+, Fed Fry, Unfed",FALSE,"Chinook, Chum, Coho"
325 FALSE," 306,056 ",Alouette River North,Fed Fry,FALSE,Chum
836 FALSE," 301,715 ",Marble River,"Fed Fry, Unfed, Smolt 0+",FALSE,"Coho, Chinook"
262 FALSE," 300,148 ",Brandon Island,"Fed Fry, Seapen",FALSE,Pink
1310 FALSE," 276,289 ",Trapper Lake,Fed Fry,FALSE,Sockeye
542 FALSE," 262,419 ",Slough Creek,Fed Fry,FALSE,Sockeye
641 FALSE," 260,615 ",Paradise Channel Upper,"Unfed, Fed Fry",FALSE,"Pink, Coho"
514 FALSE," 252,885 ",Wilfred Creek (Coal),"Fed Fry, Unfed, Smolt 1+, Fed Fall",FALSE,"Chum, Coho, Pink"
232 FALSE," 250,025 ",Chilqua Creek,Fed Fry,FALSE,Chum
2 FALSE," 240,411 ",Sooke River,"Fed Fry, Smolt 0+, Seapen 0+, Unfed, Smolt 1+",FALSE,"Chinook, Coho"
102 FALSE," 234,297 ",Sarita River,"Smolt 0+, Fed Fry",FALSE,Chinook
25 FALSE," 230,107 ",Fairy Lake,"Smolt 0+, Fed Fry, Seapen 0+",FALSE,Chinook
555 FALSE," 229,412 ",Burman Estuary,"Seapen 0+, Seapen",FALSE,Chinook
665 FALSE," 226,018 ",Tahsis River,"Fed Fry, Seapen 0+",FALSE,"Chinook, Coho"
570 FALSE," 217,309 ",Sakinaw Lake,"Fed Fry, Smolt 1+, Fed Fall",FALSE,Sockeye
271 FALSE," 214,059 ",Harrison River,"Smolt 0+, Fed Fry, Unfed",FALSE,"Chinook, Chum, Coho"
895 FALSE," 210,898 ",Shuswap River Lower,"Unfed, Fed Fry, Smolt 0+",FALSE,Chinook
115 FALSE," 209,995 ",Haslam Lake,Fed Fry,FALSE,"Chinook, Coho"
210 FALSE," 202,075 ",Luckakuck Creek,Unfed,FALSE,Chum
590 FALSE," 199,797 ",Squamish Estuary,Seapen,FALSE,Chum
277 FALSE," 197,130 ",Evans Creek,"Unfed, Fed Fry",FALSE,"Chinook, Chum, Coho"
217 FALSE," 196,143 ",Atchelitz Creek,Unfed,FALSE,Chum
202 FALSE," 194,674 ",Nanaimo River,"Smolt 0+, Unfed, Fed Fry, Smolt 1+",FALSE,"Chinook, Chum, Coho, Pink"
58 FALSE," 187,269 ",Cowichan River,"Smolt 0+, Fed Fry, Eyed Egg",FALSE,"Chinook, Chum, Coho"
627 FALSE," 184,099 ",Lang Creek,Fed Fry,FALSE,"Chum, Coho"
1027 FALSE," 174,885 ",Kitasoo Creek,"Fed Fry, Smolt 1+, Fed Fall",FALSE,"Chum, Coho"
116 FALSE," 171,678 ",Salmon Creek/Southwest Vancouver Island,Fed Fry,FALSE,Chum
749 FALSE," 171,368 ",Woss Lake,Smolt 0+,FALSE,Chinook
583 FALSE," 171,032 ",Stawamus River,Fed Fry,FALSE,"Chum, Coho"
205 FALSE," 170,642 ",Nicomen Slough,Fed Fry,FALSE,Chum
852 FALSE," 166,354 ",Orford Bay,Fed Fry,FALSE,Chum
669 FALSE," 165,656 ",Quinsam Lake,Fed Fry,FALSE,"Coho, Chinook"
148 FALSE," 161,380 ",Haslam Creek,Fed Fry,FALSE,Coho
672 FALSE," 156,664 ",Iron River,Eyed Egg,FALSE,Chinook
964 FALSE," 147,836 ",Wannock Estuary,"Smolt 0+, Seapen 0+, Fed Fry",FALSE,Chinook
686 FALSE," 147,441 ",Cold Creek,Smolt 0+,FALSE,Chinook
640 FALSE," 147,202 ",Tenderfoot Creek,"Unfed, Smolt 1+, Fed Fry",FALSE,"Chinook, Chum, Coho"
657 FALSE," 144,319 ",Oyster River,"Smolt 0+, Fed Fry, Smolt 1+, Unfed",FALSE,"Chinook, Coho, Chum, Pink"
163 FALSE," 142,699 ",Salwein Creek,"Fed Fry, Smolt 1+",FALSE,"Chum, Coho, Steelhead"
1285 FALSE," 139,026 ",Takla Lake,"Fed Fall, Fed Fry",FALSE,Sockeye
166 FALSE," 136,116 ",Hopedale Channel,Fed Fry,FALSE,"Chum, Coho"
808 FALSE," 135,545 ",Nicola River,"Smolt 1+, Fed Fry",FALSE,"Coho, Chinook"
309 FALSE," 135,153 ",Somass River,"Smolt 1+, Seapen 0+, Fed Fry",FALSE,"Steelhead, Chinook, Chum"
248 FALSE," 134,030 ",Newcastle Island,Seapen,FALSE,Pink
168 FALSE," 129,997 ",Usher Channel,Fed Fry,FALSE,Chum
586 FALSE," 127,500 ",Little Stawamus Creek,Fed Fry,FALSE,Chum
716 FALSE," 125,000 ",Olsen Creek,Fed Fry,FALSE,Sockeye
390 FALSE," 123,330 ",Capilano River Upper,"Unfed, Fed Fry, Smolt 1+, Smolt 2+",FALSE,"Chum, Coho, Pink, Steelhead"
825 FALSE," 110,090 ",Nimpkish Lake,Smolt 0+,FALSE,Chinook
400 FALSE," 109,096 ",Great Central Lake,Smolt 1+,FALSE,Chinook
841 FALSE," 108,511 ",Phillips Lake,"Smolt 0+, Fed Fry",FALSE,Chinook
615 FALSE," 107,020 ",Horse Creek,Fed Fry,FALSE,Chum
10 FALSE," 105,869 ",Esquimalt Harbour,Smolt 0+,FALSE,Chinook
1140 FALSE," 100,269 ",Yakoun River,"Smolt 0+, Smolt 1+",FALSE,"Chinook, Coho"
164 FALSE," 100,025 ",Street Pond,Fed Fry,FALSE,Chum
554 FALSE," 100,000 ",Fish Hatchery Creek,Fed Fry,FALSE,Sockeye
609 FALSE," 100,000 ",Hop Ranch Creek,Fed Fry,FALSE,Chum
718 FALSE," 99,962 ",Elaho River,"Fed Fry, Smolt 1+, Unfed",FALSE,"Chinook, Pink"
809 FALSE," 99,669 ",Shuswap River Middle,"Smolt 1+, Smolt 0+, Eyed Egg, Fed Fry",FALSE,Chinook
371 FALSE," 98,871 ",Seymour River/Strait of Georgia Mainland,"Fed Fry, Smolt 1+, Unfed",FALSE,"Chum, Coho, Pink, Steelhead"
191 FALSE," 97,422 ",Street Creek,Fed Fry,FALSE,"Chum, Coho"
223 FALSE," 97,060 ",Norrish Creek,Smolt 1+,FALSE,Coho
920 FALSE," 95,708 ",Bond Sound,Seapen,FALSE,Chum
7 FALSE," 92,393 ",Young Lake,Fed Fry,FALSE,Coho
142 FALSE," 90,720 ",Barrett Creek,Fed Fry,FALSE,"Chum, Coho"
420 FALSE," 90,413 ",Horne Lake,Fed Fry,FALSE,Coho
1259 FALSE," 90,073 ",Forfar Creek,Fed Fry,FALSE,Sockeye
853 FALSE," 90,000 ",Orford River,Unfed,FALSE,Chum
200 FALSE," 88,808 ",Clemens Creek,"Fed Fry, Smolt 0+",FALSE,Chinook
1245 FALSE," 88,522 ",Kitsum Above Canyon,"Smolt 1+, Fed Fry",FALSE,Chinook
650 FALSE," 86,736 ",Mission Creek/OKAN,Fed Fry,FALSE,Sockeye
611 FALSE," 85,642 ",Jimmy Jimmy Slough,"Fed Fry, Unfed",FALSE,"Chum, Coho"
885 FALSE," 84,949 ",Quatse River,"Smolt 1+, Fed Fry, Unfed",FALSE,"Coho, Chum, Pink, Steelhead"
1253 FALSE," 84,194 ",Middle River,"Fed Fall, Fed Fry",FALSE,Sockeye
651 FALSE," 82,828 ",Muchalat River,"Smolt 0+, Seapen 0+",FALSE,Chinook
1318 FALSE," 82,579 ",Michie Creek,"Smolt 0+, Fed Fry",FALSE,Chinook
230 FALSE," 81,814 ",Stave River,Smolt 1+,FALSE,"Coho, Steelhead"
141 FALSE," 79,657 ",Cultus Lake,"Fed Fry, Fed Fall, Smolt 1+",FALSE,Sockeye
172 FALSE," 79,415 ",First Lake/Strait of Georgia Vancouver Island,"Smolt 0+, Fed Fry",FALSE,"Chinook, Coho"
222 FALSE," 76,799 ",Little Chilliwack River,"Unfed, Fed Fry, Smolt 1+",FALSE,"Chum, Coho"
324 FALSE," 75,648 ",Alouette River South,"Fed Fry, Smolt 1+, Unfed, Smolt 2+",FALSE,"Chum, Coho, Pink, Steelhead"
109 FALSE," 75,087 ",Twin River East,Fed Fry,FALSE,Chum
606 FALSE," 74,523 ",Meighan Creek,"Fed Fry, Unfed",FALSE,"Chum, Coho"
532 FALSE," 73,920 ",Willemar + Forbush Lakes,Fed Fry,FALSE,Coho
1123 FALSE," 73,735 ",Hartley Bay Lake,Fed Fry,FALSE,Coho
790 FALSE," 71,338 ",Salmon River/Johnstone Strait,"Smolt 0+, Fed Fry",FALSE,"Chinook, Coho"
565 FALSE," 69,778 ",Mouat Creek,"Fed Fry, Seapen",FALSE,Chum
485 FALSE," 67,526 ",Wilson Estuary/Strait of Georgia Mainland,"Seapen, Fed Fry",FALSE,"Pink, Coho"
128 FALSE," 66,904 ",Henderson Lake,"Smolt 0+, Fed Fry",FALSE,Chinook
837 FALSE," 66,131 ",Quatsino Sound,Seapen 0+,FALSE,Chinook
628 FALSE," 65,633 ",Cheakamus River,"Smolt 1+, Fed Fry, Unfed",FALSE,"Chinook, Pink, Coho, Chum"
722 FALSE," 65,565 ",Coldwater River,"Smolt 1+, Fed Fry",FALSE,"Coho, Chinook"
154 FALSE," 65,245 ",Serpentine River,"Smolt 0+, Fed Fry, Smolt 1+, Unfed",FALSE,"Chinook, Chum, Coho"
114 FALSE," 65,066 ",Thornton Creek,"Fed Fry, Smolt 0+, Unfed, Fed Fall",FALSE,"Chum, Chinook, Coho"
216 FALSE," 64,310 ",Cougar Canyon Creek,"Fed Fry, Eyed Egg, Smolt 1+",FALSE,"Chum, Coho"
927 FALSE," 63,702 ",Southgate River,Smolt 0+,FALSE,Chinook
1261 FALSE," 63,338 ",Gluskie Creek,"Fed Fall, Fed Fry",FALSE,Sockeye
330 FALSE," 63,054 ",Cypre River,"Fed Fry, Smolt 0+",FALSE,"Coho, Chinook, Chum"
858 FALSE," 62,322 ",Cluxewe River,"Smolt 1+, Unfed, Eyed Egg, Fed Fry",FALSE,"Coho, Pink, Steelhead"
581 FALSE," 62,206 ",Gold Estuary,"Seapen 0+, Fed Fry",FALSE,"Chinook, Coho"
848 FALSE," 62,068 ",Waukwaas Creek,"Smolt 1+, Fed Fry",FALSE,Coho
652 FALSE," 61,783 ",Willingdon Creek,Fed Fry,FALSE,Chum
201 FALSE," 60,765 ",Kennedy River Lower,"Smolt 0+, Fed Fry",FALSE,Chinook
977 FALSE," 59,137 ",Chilko River,"Smolt 1+, Fed Fry, Unfed",FALSE,Chinook
403 FALSE," 57,653 ",Stamp River,"Smolt 1+, Smolt 0+, Fed Fry",FALSE,"Chinook, Steelhead, Coho"
428 FALSE," 56,075 ",French Creek,Fed Fry,FALSE,"Chum, Coho"
1166 FALSE," 56,032 ",Stuart River,Fed Fry,FALSE,Sockeye
966 FALSE," 55,038 ",Kilbella Bay,"Seapen 0+, Smolt 0+",FALSE,Chinook
763 FALSE," 54,981 ",Woss River,"Smolt 0+, Smolt 1+, Fed Fry",FALSE,"Chinook, Coho"
612 FALSE," 52,623 ",Dryden Creek,"Fed Fry, Unfed",FALSE,"Chum, Coho"
871 FALSE," 50,572 ",Tom Brown Creek,Eyed Egg,FALSE,Chinook
136 FALSE," 50,269 ",Little Camp + Nicomk,"Smolt 0+, Fed Fry, Unfed, Smolt 1+",FALSE,"Chinook, Chum, Coho"
1098 FALSE," 50,000 ",Whalen Lake,Fed Fry,FALSE,Coho
249 FALSE," 50,000 ",Yorkson Creek,Fed Fry,FALSE,Chum
489 FALSE," 48,900 ",Chef Creek,Unfed,FALSE,Pink
90 FALSE," 48,271 ",Sugsaw Creek,Fed Fry,FALSE,Chum
239 FALSE," 47,152 ",Deroche Channel,Fed Fry,FALSE,Chum
643 FALSE," 47,142 ",Brohm Lake,Fed Fry,FALSE,Coho
991 FALSE," 45,635 ",Lonesome Lake,Fed Fry,FALSE,Sockeye
980 FALSE," 45,628 ",McLoughlin Bay Creek,"Smolt 1+, Fed Fry",FALSE,"Coho, Chum"
996 FALSE," 45,582 ",Tankeeah Lake,Unfed,FALSE,Sockeye
1018 FALSE," 45,325 ",Nusatsum River,"Fed Fry, Smolt 0+",FALSE,"Chum, Chinook"
510 FALSE," 44,457 ",Ogden Creek,Unfed,FALSE,Chum
5 FALSE," 44,128 ",Demamiel Creek,Fed Fry,FALSE,Coho
721 FALSE," 43,537 ",Mohun Creek,"Fed Fall, Unfed",FALSE,"Coho, Pink"
635 FALSE," 43,511 ",Brohm River,"Unfed, Fed Fry",FALSE,Coho
480 FALSE," 43,169 ",Hurry Creek,Smolt 1+,FALSE,Coho
919 FALSE," 42,533 ",Eagle River,"Fed Fry, Smolt 1+",FALSE,Coho
139 FALSE," 42,309 ",Napoleon Creek,"Smolt 1+, Fed Fry",FALSE,Coho
457 FALSE," 42,008 ",Hunts Creek,Fed Fry,FALSE,Coho
603 FALSE," 41,996 ",Little River/Strait of Georgia Vancouver Island,"Unfed, Fed Fry, Smolt 1+",FALSE,"Chum, Coho"
805 FALSE," 40,514 ",Benson River,Fed Fry,FALSE,Chinook
1121 FALSE," 40,375 ",Hartley Bay Creek,"Smolt 1+, Fed Fry",FALSE,Coho
1118 FALSE," 40,000 ",Union Pass Lake,Fed Fry,FALSE,Coho
1129 FALSE," 40,000 ",Red Bluff Lake,Fed Fry,FALSE,Coho
667 FALSE," 37,283 ",Sliammon Lake,Fed Fry,FALSE,Coho
1081 FALSE," 37,227 ",South Bay Creek,Fed Fry,FALSE,Chum
257 FALSE," 36,667 ",Kanaka Creek,"Fed Fry, Unfed, Smolt 1+",FALSE,"Chum, Coho, Pink"
842 FALSE," 36,000 ",Coho Creek/Johnstone Strait,Unfed,FALSE,Pink
1104 FALSE," 35,953 ",Stanley Lake,Fed Fry,FALSE,Coho
1178 FALSE," 35,898 ",Willow River/Upper Fraser,"Smolt 1+, Fed Fry",FALSE,Chinook
319 FALSE," 35,873 ",Kitsuksis Creek,"Unfed, Fed Fry",FALSE,"Chum, Coho"
108 FALSE," 35,471 ",Francis Lake/Southwest Vancouver Island,Fed Fry,FALSE,Coho
884 FALSE," 35,061 ",Salmon River/Upper Thompson,"Fed Fry, Smolt 1+",FALSE,"Chinook, Coho"
952 FALSE," 35,002 ",Taseko Lake,Fed Fry,FALSE,Sockeye
169 FALSE," 34,303 ",Sweltzer Creek,Smolt 1+,FALSE,Sockeye
1046 FALSE," 34,264 ",Cariboo River Upper,"Fed Fall, Fed Fry",FALSE,Chinook
645 FALSE," 34,114 ",BC Railway Channel,Unfed,FALSE,Coho
305 FALSE," 34,088 ",Eagle Creek,Fed Fry,FALSE,"Chum, Coho"
707 FALSE," 34,000 ",Sebalhall Creek,Smolt 0+,FALSE,Chinook
508 FALSE," 33,409 ",Rosewall Creek,"Fed Fry, Smolt 1+, Unfed",FALSE,"Chum, Coho"
173 FALSE," 33,098 ",Second Lake/Strait of Georgia Vancouver Island,Fed Fry,FALSE,Coho
1099 FALSE," 32,669 ",Crabapple Creek,Fed Fry,FALSE,Chum
161 FALSE," 32,458 ",Kootowis Creek,Fed Fry,FALSE,Coho
1229 FALSE," 32,381 ",Kitsum Bel Canyon,"Smolt 1+, Fed Fry",FALSE,Chinook
1031 FALSE," 30,763 ",Roderick Lake,Fed Fry,FALSE,Sockeye
380 FALSE," 30,121 ",MacKay Creek,"Unfed, Fed Fry",FALSE,"Pink, Chum"
306 FALSE," 30,000 ",Dry Creek/Southwest Vancouver Island,Unfed,FALSE,Chum
1138 FALSE," 29,873 ",Mamin River,"Fed Fry, Smolt 1+",FALSE,Coho
1255 FALSE," 29,614 ",Toboggan Creek,"Smolt 1+, Eyed Egg",FALSE,Coho
207 FALSE," 29,468 ",Meares Creek,Fed Fry,FALSE,Chum
137 FALSE," 29,394 ",Nahmint River,"Smolt 0+, Smolt 1+, Fed Fry, Unfed",FALSE,Chinook
487 FALSE," 29,251 ",Chapman Creek,"Unfed, Fed Fry, Smolt 1+, Smolt 2+",FALSE,"Chum, Coho, Pink, Steelhead"
1085 FALSE," 28,978 ",MacMillan Creek,Fed Fry,FALSE,Chum
1135 FALSE," 28,480 ",Blackwater Creek/Haida Gwaii,Fed Fry,FALSE,Coho
567 FALSE," 28,168 ",Roy Creek,Fed Fry,FALSE,Coho
445 FALSE," 27,962 ",Bedwell River,"Smolt 0+, Fed Fry, Seapen 0+",FALSE,"Chinook, Chum"
1083 FALSE," 27,791 ",Two Torrent Creek,Fed Fry,FALSE,Chum
1144 FALSE," 27,593 ",Torpy River,Fed Fry,FALSE,Chinook
890 FALSE," 27,421 ",Portage Creek,"Unfed, Smolt 1+",FALSE,Chinook
868 FALSE," 27,184 ",Goodspeed River,Fed Fry,FALSE,"Chinook, Chum, Coho"
670 FALSE," 27,104 ",Appleton Creek,Fed Fry,FALSE,Coho
1316 FALSE," 27,065 ",McClintock River,"Smolt 0+, Fed Fry",FALSE,Chinook
19 FALSE," 27,028 ",Goldstream River,"Fed Fry, Smolt 0+, Unfed, Smolt 1+",FALSE,"Chum, Chinook, Coho"
391 FALSE," 27,012 ",Weaver Spwaning Channel,"Unfed, Smolt 1+",FALSE,Sockeye
1176 FALSE," 26,187 ",Bowron River,Fed Fry,FALSE,"Sockeye, Chinook"
280 FALSE," 26,058 ",Maria Slough,Smolt 0+,FALSE,Chinook
71 FALSE," 26,000 ",Hope Bay Creek,"Unfed, Fed Fry",FALSE,"Chum, Coho"
1091 FALSE," 25,619 ",Piper Creek,Fed Fry,FALSE,Chum
149 FALSE," 25,197 ",Watershed Creek,Fed Fry,FALSE,Chum
317 FALSE," 25,151 ",Rogers Creek,"Unfed, Fed Fry",FALSE,"Chum, Coho"
296 FALSE," 25,068 ",Deer Lake,"Fed Fry, Smolt 1+",FALSE,"Chum, Coho"
537 FALSE," 25,000 ",Porpoise Bay,Smolt 1+,FALSE,Coho
692 FALSE," 24,895 ",Vernon Lake,Smolt 0+,FALSE,Chinook
48 FALSE," 24,707 ",Tseycum Creek,"Fed Fry, Unfed",FALSE,Chum
104 FALSE," 24,697 ",Chemainus River,"Fed Fry, Smolt 0+",FALSE,"Chum, Chinook"
194 FALSE," 24,624 ",Kennedy River Upper,"Fed Fry, Eyed Egg",FALSE,Coho
830 FALSE," 24,499 ",Kokish River,"Smolt 0+, Fed Fry, Unfed, Smolt 1+",FALSE,"Chinook, Chum, Coho, Pink"
1008 FALSE," 24,264 ",Noosgulch River,"Fed Fry, Smolt 0+",FALSE,"Chum, Chinook"
345 FALSE," 24,247 ",Alouette Lake,Fed Fry,FALSE,Coho
464 FALSE," 24,136 ",Terminal Creek,"Fed Fry, Unfed",FALSE,"Chum, Coho, Pink"
440 FALSE," 23,870 ",Nelson Creek/Strait of Georgia Mainland,Fed Fry,FALSE,"Chum, Coho"
362 FALSE," 23,551 ",Mossom Creek,"Fed Fry, Unfed, Smolt 1+",FALSE,"Chum, Pink, Coho"
112 FALSE," 23,374 ",Stocking Creek,Fed Fry,FALSE,"Chum, Coho"
220 FALSE," 23,184 ",West Creek,Fed Fry,FALSE,Chum
85 FALSE," 22,541 ",Beadnell Creek,Fed Fry,FALSE,"Chum, Coho"
1084 FALSE," 22,500 ",Blue Paper Creek,Fed Fry,FALSE,Chum
725 FALSE," 22,477 ",Basil Brook,"Fed Fry, Unfed, Eyed Egg",FALSE,"Coho, Chum"
488 FALSE," 22,236 ",Wamer Creek,Unfed,FALSE,Chum
459 FALSE," 22,209 ",Killarney Creek,Fed Fry,FALSE,"Chum, Coho, Pink"
499 FALSE," 21,954 ",Jenkins Creek,Unfed,FALSE,Chum
369 FALSE," 21,839 ",Schoolhouse/North,Fed Fry,FALSE,Chum
1321 FALSE," 21,735 ",Fox Creek,Fed Fry,FALSE,Chinook
132 FALSE," 21,472 ",Toquart River,"Smolt 0+, Eyed Egg, Fed Fry",FALSE,"Chinook, Coho"
566 FALSE," 21,125 ",Trent River,Fed Fry,FALSE,Coho
124 FALSE," 20,999 ",Little Campbell River,"Smolt 0+, Smolt 1+, Fed Fry, Smolt 2+",FALSE,"Chinook, Coho, Steelhead"
269 FALSE," 20,932 ",Tranquil Creek,"Smolt 0+, Fed Fry, Seapen 0+",FALSE,"Chinook, Chum, Coho"
1297 FALSE," 20,905 ",Driftwood River,Fed Fry,FALSE,Sockeye
246 FALSE," 20,853 ",Byrne Creek,"Fed Fry, Smolt 1+",FALSE,"Chum, Coho"
1205 FALSE," 20,742 ",Fontiniko River,Fed Fry,FALSE,Chinook
715 FALSE," 20,686 ",Whaletown Creek,Unfed,FALSE,Chum
462 FALSE," 20,323 ",Davies Creek/Strait of Georgia Mainland,Fed Fry,FALSE,"Chum, Coho"
344 FALSE," 20,316 ",Noons Creek,"Fed Fry, Smolt 1+",FALSE,"Chum, Coho"
967 FALSE," 20,185 ",Kilbella River,Fed Fry,FALSE,Chinook
426 FALSE," 20,112 ",Maplewood Creek,"Fed Fry, Unfed",FALSE,Chum
527 FALSE," 20,000 ",Halfmoon Creek,Smolt 1+,FALSE,Coho
625 FALSE," 20,000 ",Blackwater/Strait of Georgia Mainland,Fed Fry,FALSE,Coho
381 FALSE," 19,953 ",Mosquito Creek/Strait of Georgia Mainland,"Eyed Egg, Fed Fry",FALSE,"Chum, Pink"
506 FALSE," 19,929 ",Coho Creek/Lower Fraser,Fed Fry,FALSE,Coho
1022 FALSE," 19,722 ",Horsefly River,"Smolt 1+, Fed Fry",FALSE,Chinook
278 FALSE," 19,633 ",Nelson Creek/Lower Fraser,"Eyed Egg, Smolt 1+, Fed Fry",FALSE,"Chum, Coho"
941 FALSE," 19,627 ",Warner Bay Creek,Fed Fry,FALSE,Chum
1145 FALSE," 19,320 ",Loon Lake Creek,Fed Fry,FALSE,Coho
1148 FALSE," 19,168 ",Slim Creek,"Fed Fry, Fed Fall",FALSE,Chinook
737 FALSE," 18,729 ",Spius Creek,"Smolt 1+, Fed Fry, Unfed",FALSE,"Chinook, Coho"
447 FALSE," 18,478 ",McKay Creek,Fed Fry,FALSE,Chum
1187 FALSE," 18,421 ",Seebach Creek,Fed Fry,FALSE,Chinook
368 FALSE," 18,310 ",Lynn Creek/Strait of Georgia Mainland,"Fed Fry, Unfed",FALSE,"Chum, Coho, Pink"
274 FALSE," 18,298 ",Brunette River,"Fed Fry, Smolt 1+, Unfed",FALSE,"Chum, Coho"
337 FALSE," 18,034 ",Suterbrook Creek,Fed Fry,FALSE,Chum
600 FALSE," 17,902 ",Mamquam River,"Smolt 1+, Fed Fry, Unfed",FALSE,"Chinook, Coho"
1047 FALSE," 17,762 ",Swift Creek,Fed Fry,FALSE,Chinook
151 FALSE," 17,562 ",Toquart Lake,"Smolt 0+, Fed Fry",FALSE,Chinook
553 FALSE," 17,500 ",Rees Creek,Fed Fry,FALSE,Coho
117 FALSE," 17,390 ",Holland Creek,Fed Fry,FALSE,"Chum, Coho"
905 FALSE," 17,353 ",Bridge River,"Fed Fry, Fed Fall, Smolt 1+, Eyed Egg, Unfed",FALSE,"Chinook, Coho"
1137 FALSE," 17,273 ",Morkill River,Fed Fry,FALSE,"Chum, Chinook"
1095 FALSE," 17,229 ",Branch 10 Creek,Fed Fry,FALSE,Chum
399 FALSE," 17,117 ",McDonald Creek,Fed Fry,FALSE,"Chum, Coho"
378 FALSE," 16,993 ",First Narrows North Shaft,Smolt 1+,FALSE,Steelhead
40 FALSE," 16,877 ",Saanich Inlet,Seapen 1+,FALSE,Coho
1303 FALSE," 16,632 ",Porter Creek,Fed Fry,FALSE,Sockeye
341 FALSE," 16,592 ",Schoolhouse/South,"Fed Fry, Unfed",FALSE,"Pink, Chum"
577 FALSE," 16,559 ",Bloedel Creek,Fed Fry,FALSE,Coho
68 FALSE," 16,349 ",Lyall Creek,"Fed Fry, Unfed",FALSE,Chum
1097 FALSE," 16,181 ",Honna River,Fed Fry,FALSE,Coho
1185 FALSE," 16,073 ",Diana Creek,Fed Fry,FALSE,Coho
437 FALSE," 16,052 ",Eagle Harbour Creek,Fed Fry,FALSE,"Chum, Coho"
438 FALSE," 16,034 ",Coquitlam Lake,"Fed Fry, Smolt 1+",FALSE,Coho
1074 FALSE," 15,904 ",Nazko River,"Smolt 1+, Fed Fry",FALSE,Chinook
817 FALSE," 15,897 ",Ida Lake,"Fed Fry, Smolt 1+",FALSE,Coho
413 FALSE," 15,845 ",Rodgers Creek,Fed Fry,FALSE,"Chum, Coho"
18 FALSE," 15,390 ",Prior Lake,Smolt 1+,FALSE,Coho
126 FALSE," 15,302 ",Bush Creek,Fed Fry,FALSE,Chum
850 FALSE," 15,104 ",Bear (Mills) Creek,Unfed,FALSE,Coho
1234 FALSE," 15,000 ",Binche Tachie Creek,Fed Fry,FALSE,Sockeye
408 FALSE," 14,927 ",West Vancouver Lab,"Smolt 1+, Smolt 2+, Fed Fry, Seapen 1+",FALSE,"Steelhead, Coho"
822 FALSE," 14,884 ",Skidder Lake,Unfed,FALSE,Coho
113 FALSE," 14,868 ",Darlington Lake,Fed Fry,FALSE,Coho
97 FALSE," 14,868 ",Flora Lake,Fed Fry,FALSE,Coho
308 FALSE," 14,733 ",Guichon Creek/Lower Fraser,Fed Fry,FALSE,Chum
311 FALSE," 14,725 ",Still Creek,Fed Fry,FALSE,"Chum, Coho"
1223 FALSE," 14,696 ",Zymacord River,"Fed Fry, Smolt 1+, Eyed Egg",FALSE,Coho
968 FALSE," 14,659 ",Chuckwalla River,Fed Fry,FALSE,Chinook
1108 FALSE," 14,551 ",West Road River,Fed Fry,FALSE,Chinook
541 FALSE," 14,455 ",Bradley Lake,Fed Fry,FALSE,"Chum, Coho"
864 FALSE," 14,449 ",Quatse Lake,Unfed,FALSE,Coho
1190 FALSE," 14,430 ",Kloiya Creek,Fed Fry,FALSE,Chinook
127 FALSE," 14,408 ",Draw Creek,"Eyed Egg, Fed Fry",FALSE,Coho
15 FALSE," 14,407 ",Craigflower Creek,"Smolt 1+, Fed Fall, Fed Fry",FALSE,Coho
704 FALSE," 13,991 ",Shovelnose Creek,"Smolt 1+, Fed Fry",FALSE,Chinook
355 FALSE," 13,916 ",Burrard Inlet,"Smolt 1+, Seapen 1+",FALSE,Coho
334 FALSE," 13,808 ",Spanish Banks Creek,"Eyed Egg, Fed Fry",FALSE,"Chum, Coho"
261 FALSE," 13,800 ",Sutton Mill Creek,Fed Fry,FALSE,Chum
879 FALSE," 13,719 ",Thompson River North,Unfed,FALSE,Coho
144 FALSE," 13,474 ",Borden Channel,Unfed,FALSE,Chum
761 FALSE," 13,375 ",Gun Range Creek,"Fed Fry, Smolt 1+",FALSE,Coho
1157 FALSE," 13,369 ",Nechako River,Fed Fry,FALSE,"Chinook, Coho, Pink"
83 FALSE," 13,336 ",Beaver Creek/Strait of Georgia Vancouver Island,Fed Fry,FALSE,Coho
419 FALSE," 12,682 ",Sandy Cove,Smolt 1+,FALSE,Steelhead
411 FALSE," 12,541 ",Deer Creek,"Fed Fry, Unfed",FALSE,Coho
1093 FALSE," 12,294 ",Tarundl Creek,Fed Fry,FALSE,Coho
279 FALSE," 12,229 ",Coquitlam River,"Smolt 1+, Fed Fry, Fed Fall, Unfed",FALSE,"Sockeye, Chum, Coho"
735 FALSE," 11,842 ",Spahomin Creek,Fed Fry,FALSE,Chinook
1277 FALSE," 11,718 ",Kitwancool Lake,"Fed Fall, Fed Fry",FALSE,Sockeye
264 FALSE," 11,523 ",Brannen Lake,"Fed Fry, Fed Fall",FALSE,Coho
1004 FALSE," 11,346 ",Chilcotin River (Upper),Fed Fry,FALSE,Chinook
660 FALSE," 11,335 ",Ashlu Creek,"Smolt 1+, Fed Fry, Unfed",FALSE,Chinook
943 FALSE," 11,309 ",Taaltz Creek,Fed Fry,FALSE,Chum
846 FALSE," 11,236 ",Hyde Creek/Johnstone Strait,Unfed,FALSE,Coho
12 FALSE," 11,215 ",Bowker Creek,"Eyed Egg, Fed Fry",FALSE,Chum
183 FALSE," 10,984 ",Clayburn Creek,"Fed Fry, Smolt 1+, Unfed",FALSE,Coho
1155 FALSE," 10,420 ",Chilako River,Smolt 1+,FALSE,Chinook
956 FALSE," 10,229 ",McTaggart Creek,Smolt 1+,FALSE,Coho
297 FALSE," 10,157 ",Deer Lake Creek,Fed Fry,FALSE,"Chum, Coho"
1213 FALSE," 10,000 ",Soche Creek,Fed Fry,FALSE,Sockeye
1235 FALSE," 10,000 ",Yekooche Creek,Fed Fry,FALSE,Sockeye
1243 FALSE," 10,000 ",Kuskwa River,Fed Fry,FALSE,Sockeye
192 FALSE," 10,000 ",Bear (Mahood) Creek,Fed Fry,FALSE,Chum
728 FALSE," 10,000 ",James Creek/Cortes,Eyed Egg,FALSE,Chum
352 FALSE," 9,985 ",Shuhum Creek,Unfed,FALSE,Coho
1073 FALSE," 9,859 ",Cottonwood River,Fed Fry,FALSE,Chinook
147 FALSE," 9,837 ",Stoney Creek/Abbotsford,"Fed Fry, Smolt 1+",FALSE,Coho
1130 FALSE," 9,699 ",Crush Creek,Fed Fry,FALSE,Coho
1128 FALSE," 9,534 ",Wood Cove Creek,Fed Fry,FALSE,Coho
364 FALSE," 9,533 ",Ioco,Seapen 1+,FALSE,Coho
398 FALSE," 9,262 ",Lawson Creek,Fed Fry,FALSE,"Chum, Coho"
762 FALSE," 9,136 ",Rice Creek,"Fed Fry, Smolt 1+",FALSE,Coho
958 FALSE," 8,919 ",Dunn Lake,Smolt 1+,FALSE,Coho
70 FALSE," 8,863 ",Pachena River,"Fed Fry, Unfed",FALSE,Coho
1116 FALSE," 8,829 ",Jungle Creek,Fed Fry,FALSE,Coho
1327 FALSE," 8,828 ",Yukon River,"Smolt 0+, Fed Fry",FALSE,Chinook
1082 FALSE," 8,786 ",Copper Creek,Fed Fry,FALSE,Coho
902 FALSE," 8,584 ",Deadman River,"Smolt 1+, Unfed, Fed Fry",FALSE,Coho
346 FALSE," 8,578 ",Hyde Creek/Lower Fraser,"Fed Fry, Smolt 1+, Unfed",FALSE,"Chum, Coho"
451 FALSE," 8,551 ",Bear Creek/Southwest Vancouver Island,Unfed,FALSE,Coho
1208 FALSE," 8,274 ",Bulkley River Upper,"Smolt 1+, Fed Fry",FALSE,"Chinook, Coho"
798 FALSE," 8,250 ",Ritchie Pond South,Fed Fry,FALSE,Coho
591 FALSE," 8,194 ",Loggers Lane Creek,"Fed Fry, Unfed",FALSE,Coho
21 FALSE," 8,131 ",Mount Douglas Creek,"Fed Fry, Eyed Egg, Smolt 1+, Unfed",FALSE,"Chum, Coho"
982 FALSE," 8,011 ",Chilcotin River (Lower),Fed Fry,FALSE,Chinook
1217 FALSE," 8,000 ",Nahounli Creek,Fed Fry,FALSE,Sockeye
292 FALSE," 8,000 ",Buckingham Creek,Fed Fry,FALSE,Chum
1092 FALSE," 7,955 ",Haans Creek,Fed Fry,FALSE,Coho
44 FALSE," 7,879 ",Shawnigan Creek,"Fed Fry, Unfed",FALSE,"Coho, Chum"
867 FALSE," 7,802 ",Glendale River,"Fed Fall, Fed Fry, Eyed Egg",FALSE,"Coho, Pink"
247 FALSE," 7,670 ",Hayward Lake,Smolt 1+,FALSE,Steelhead
644 FALSE," 7,651 ",Kiwi Channel South,Fed Fry,FALSE,Coho
332 FALSE," 7,589 ",Hoy Creek,"Fed Fry, Smolt 1+",FALSE,"Chum, Coho"
333 FALSE," 7,491 ",Alexander Creek,Unfed,FALSE,Coho
1194 FALSE," 7,487 ",Oldfield Creek,"Fed Fry, Smolt 1+, Fed Fall",FALSE,Coho
959 FALSE," 7,276 ",Dunn Creek,"Smolt 1+, Unfed, Fed Fry",FALSE,Coho
436 FALSE," 7,271 ",Explosives Creek,Fed Fry,FALSE,"Chum, Coho"
828 FALSE," 7,250 ",Sultan Creek,"Smolt 1+, Fed Fry",FALSE,Coho
467 FALSE," 7,103 ",Killarney Lake,Fed Fry,FALSE,"Chum, Coho"
1112 FALSE," 7,049 ",Leander Creek,Fed Fry,FALSE,Coho
427 FALSE," 7,041 ",Spaht Creek,"Fed Fry, Unfed",FALSE,Coho
1080 FALSE," 7,001 ",Swamp Lake,Fed Fry,FALSE,Coho
801 FALSE," 7,000 ",Bonanza Lake,Smolt 1+,FALSE,Coho
829 FALSE," 7,000 ",Tsulton Creek,Fed Fry,FALSE,Coho
62 FALSE," 6,766 ",Fulford Creek,"Fed Fry, Unfed",FALSE,"Coho, Chum"
1317 FALSE," 6,530 ",Wolf Creek/Yukon,"Smolt 0+, Fed Fry",FALSE,Chinook
382 FALSE," 6,298 ",Beaver Creek Lower/Southwest Vancouver Island,"Unfed, Fed Fry, Eyed Egg",FALSE,Coho
416 FALSE," 6,266 ",Cypress Creek/Strait of Georgia Mainland,Fed Fry,FALSE,"Chum, Coho"
1146 FALSE," 6,150 ",Grouse Creek,Fed Fry,FALSE,Coho
1240 FALSE," 6,057 ",Mary Cove,Smolt 1+,FALSE,Sockeye
321 FALSE," 5,589 ",Scott Creek,Fed Fry,FALSE,Coho
351 FALSE," 5,500 ",Sproat Lake,Fed Fry,FALSE,Coho
174 FALSE," 5,396 ",Cent/Bulbeard Channel,Unfed,FALSE,Pink
1089 FALSE," 5,381 ",Sachs Creek,Fed Fry,FALSE,Coho
452 FALSE," 5,380 ",Cypress Creek/Lower Fraser,Fed Fry,FALSE,Coho
1174 FALSE," 5,100 ",Endako River,"Smolt 1+, Fed Fry",FALSE,Chinook
843 FALSE," 5,082 ",Alder Bay,Seapen,FALSE,Chum
373 FALSE," 5,044 ",Miami Creek,Fed Fry,FALSE,Chum
1177 FALSE," 5,019 ",Salmon River/Upper Fraser,Fed Fry,FALSE,Chinook
125 FALSE," 4,938 ",Fergus Creek,Fed Fry,FALSE,Coho
681 FALSE," 4,909 ",Zeballos River,"Fed Fry, Unfed",FALSE,"Chum, Coho"
1158 FALSE," 4,866 ",Deep Creek/Haida Gwaii,Fed Fry,FALSE,Coho
1162 FALSE," 4,763 ",Oona River,Fed Fry,FALSE,Coho
911 FALSE," 4,725 ",Hansen Creek,Fed Fry,FALSE,Coho
727 FALSE," 4,650 ",Carrington Creek,Fed Fry,FALSE,Coho
619 FALSE," 4,473 ",Brackendale Creek,"Unfed, Fed Fry",FALSE,Coho
1033 FALSE," 4,459 ",Mary Cove Creek,"Fed Fry, Smolt 1+",FALSE,Sockeye
9 FALSE," 4,257 ",Charters Creek,"Fed Fry, Smolt 0+",FALSE,"Chinook, Coho"
1237 FALSE," 4,250 ",Tachie River,Fed Fry,FALSE,Sockeye
1126 FALSE," 3,946 ",Indianpoint Creek,Fed Fry,FALSE,Chinook
1196 FALSE," 3,579 ",Hays Creek,Fed Fry,FALSE,Coho
349 FALSE," 3,574 ",Dixon Creek,Unfed,FALSE,Coho
1125 FALSE," 3,574 ",Howard Creek,Fed Fry,FALSE,Coho
14 FALSE," 3,464 ",Millstream River,"Smolt 1+, Fed Fry",FALSE,Coho
1286 FALSE," 3,348 ",Hudson Bay Creek,"Fed Fall, Fed Fry",FALSE,Sockeye
1204 FALSE," 3,280 ",Maxan Lake,Fed Fry,FALSE,Coho
1247 FALSE," 3,232 ",Kathlyn Lake,"Fed Fry, Smolt 1+",FALSE,"Chinook, Coho"
184 FALSE," 3,220 ",Intake Creek,Eyed Egg,FALSE,Coho
900 FALSE," 3,049 ",Bonaparte River,Fed Fry,FALSE,"Chinook, Coho"
244 FALSE," 3,047 ",Kaymar Creek,"Fed Fry, Smolt 1+",FALSE,"Chum, Coho"
185 FALSE," 3,027 ",Fraser River Upper,"Fed Fry, Fed Fall",FALSE,"Chinook, Chum"
1113 FALSE," 2,850 ",Culvert 150 Creek,Fed Fry,FALSE,Coho
1001 FALSE," 2,777 ",Atnarko Channel,Eyed Egg,FALSE,Sockeye
266 FALSE," 2,750 ",McFadden Creek,Fed Fry,FALSE,Coho
1088 FALSE," 2,723 ",Little Sachs Creek,Fed Fry,FALSE,Coho
335 FALSE," 2,709 ",Partington Creek,Fed Fry,FALSE,Coho
1010 FALSE," 2,536 ",Bullock Channel,Fed Fry,FALSE,Chum
732 FALSE," 2,513 ",Menzies Creek,Fed Fall,FALSE,Coho
265 FALSE," 2,500 ",Cooper Creek,Fed Fry,FALSE,Coho
88 FALSE," 2,500 ",Meade Creek,Fed Fry,FALSE,"Chum, Coho"
312 FALSE," 2,374 ",Stoney Creek/Brunette,"Smolt 1+, Fed Fry",FALSE,"Coho, Chum"
522 FALSE," 2,365 ",Angus Creek,Fed Fry,FALSE,Chum
361 FALSE," 2,335 ",Plested Creek,Fed Fry,FALSE,Coho
343 FALSE," 2,108 ",Smiling Creek,Fed Fry,FALSE,Coho
16 FALSE," 2,050 ",Colquitz Creek,Fed Fry,FALSE,"Coho, Chum"
11 FALSE," 2,000 ",Jordan River,Eyed Egg,FALSE,Pink
1296 FALSE," 2,000 ",Sitlika Creek,Fed Fry,FALSE,Sockeye
1299 FALSE," 2,000 ",Blackwater Creek/Upper Fraser,Fed Fry,FALSE,Sockeye
360 FALSE," 2,000 ",Tall Timbers Creek,Unfed,FALSE,Coho
73 FALSE," 1,998 ",Cusheon Creek,Fed Fry,FALSE,Coho
454 FALSE," 1,951 ",Grafton Lake,Fed Fry,FALSE,Coho
284 FALSE," 1,818 ",Beaver Creek/Lower Fraser,Fed Fry,FALSE,Coho
1215 FALSE," 1,764 ",Lakelse River,Fed Fry,FALSE,Coho
1226 FALSE," 1,721 ",Richfield Creek,Fed Fry,FALSE,Coho
24 FALSE," 1,672 ",Tod Creek,"Smolt 1+, Fed Fall, Fed Fry",FALSE,"Coho, Chum"
320 FALSE," 1,600 ",Beecher Creek,Fed Fry,FALSE,Coho
877 FALSE," 1,566 ",Seton River,Fed Fry,FALSE,Coho
366 FALSE," 1,563 ",Morten Creek,Fed Fry,FALSE,"Coho, Chum"
374 FALSE," 1,341 ",Beaver Creek/Strait of Georgia Mainland,Fed Fry,FALSE,"Chum, Coho"
679 FALSE," 1,338 ",Simms Creek,"Fed Fall, Fed Fry",FALSE,Coho
677 FALSE," 1,265 ",Nahatlatch River,Fed Fry,FALSE,Chinook
1203 FALSE," 1,250 ",Herman Creek,Fed Fry,FALSE,Coho
76 FALSE," 1,250 ",Beaver Lake/Strait of Georgia Vancouver Island,Fed Fry,FALSE,Coho
894 FALSE," 1,238 ",Tranquille River,Fed Fry,FALSE,Coho
1210 FALSE," 1,039 ",Buck Creek,"Fed Fry, Smolt 1+",FALSE,Coho
120 FALSE," 1,000 ",Columbia River,Fed Fry,FALSE,Sockeye
430 FALSE," 1,000 ",Woods Creek/Strait of Georgia Mainland,Fed Fry,FALSE,Coho
79 FALSE," 1,000 ",Bear Lake,Fed Fry,FALSE,Coho
229 FALSE, 991 ,Millstone River,Fed Fry,FALSE,Coho
233 FALSE, 920 ,Nevin Creek/Lower Fraser,Fed Fry,FALSE,Chinook
198 FALSE, 873 ,Silverdale Creek,Fed Fry,FALSE,Chum
331 FALSE, 864 ,Cougar Smith Peak,Unfed,FALSE,Coho
795 FALSE, 825 ,Paccar Resort Pond,Fed Fry,FALSE,Coho
414 FALSE, 800 ,Hadden Creek,Fed Fry,FALSE,Coho
694 FALSE, 784 ,Nunn's Creek,"Fed Fall, Fed Fry",FALSE,Coho
37 FALSE, 756 ,Tetayut Creek,"Smolt 1+, Fed Fall, Fed Fry",FALSE,"Coho, Chum"
401 FALSE, 704 ,Brothers Creek,Fed Fry,FALSE,"Coho, Chum"
998 FALSE, 684 ,Chilcotin River,Fed Fry,FALSE,Chinook
453 FALSE, 660 ,Silver Creek/Lower Fraser,Fed Fry,FALSE,Coho
66 FALSE, 558 ,Holmes Creek,Fed Fry,FALSE,"Chinook, Chum"
793 FALSE, 500 ,John Wayne Pond,Fed Fry,FALSE,Coho
93 FALSE, 487 ,Ganges Creek,Fed Fry,FALSE,"Chum, Coho"
1322 FALSE, 452 ,Kluane River,Fed Fry,FALSE,Chum
551 FALSE, 429 ,Hart Creek,Fed Fry,FALSE,Coho
86 FALSE, 401 ,Oliver Creek,Fed Fry,FALSE,"Coho, Chum"
1061 FALSE, 393 ,Dragon Creek,Fed Fry,FALSE,Chinook
987 FALSE, 379 ,Williams Lake River,Fed Fry,FALSE,"Chinook, Pink"
43 FALSE, 377 ,Reay Creek,Fed Fry,FALSE,"Chum, Coho"
392 FALSE, 353 ,Thain Creek,Fed Fry,FALSE,Chum
376 FALSE, 352 ,McCartney Creek,Fed Fry,FALSE,Chum
1034 FALSE, 350 ,Pine Creek,Fed Fry,FALSE,Coho
254 FALSE, 349 ,John Matthews Creek,Smolt 1+,FALSE,Coho
397 FALSE, 348 ,Hastings Creek/Strait of Georgia Mainland,Fed Fry,FALSE,"Coho, Chum"
1056 FALSE, 345 ,Waterfall Creek/Haida Gwaii,Fed Fry,FALSE,Coho
1103 FALSE, 328 ,Balance Rock Creek,Fed Fry,FALSE,Coho
1060 FALSE, 303 ,Quesnel River,"Fed Fry, Eyed Egg",FALSE,"Chinook, Pink"
653 FALSE, 300 ,Black Creek,Fed Fry,FALSE,Coho
1273 FALSE, 289 ,Babine Lake,Fed Fry,FALSE,Coho
1062 FALSE, 285 ,Baker Creek,Fed Fry,FALSE,Chinook
263 FALSE, 282 ,Froggers Creek,Smolt 1+,FALSE,Coho
794 FALSE, 275 ,Chris Mailman Pond,Fed Fry,FALSE,Coho
1248 FALSE, 257 ,Club Creek,Fed Fry,FALSE,Coho
1179 FALSE, 250 ,Hirsch Creek,Fed Fry,FALSE,Coho
63 FALSE, 248 ,Somenos Creek,Fed Fry,FALSE,Chum
45 FALSE, 225 ,Hartl Creek,Fed Fry,FALSE,Coho
23 FALSE, 215 ,Wray Creek,Fed Fry,FALSE,Coho
101 FALSE, 204 ,Duck Creek,Fed Fry,FALSE,Coho
91 FALSE, 196 ,Hastings Creek/Strait of Georgia Vancouver Island,Fed Fry,FALSE,Coho
1266 FALSE, 192 ,Waterfall Creek/Skeena River,Fed Fry,FALSE,Coho
35 FALSE, 176 ,Haro Strait,Smolt 1+,FALSE,Chinook
54 FALSE, 167 ,Chalet Creek,Fed Fry,FALSE,"Chum, Coho"
1242 FALSE, 165 ,Kathlyn Creek,Fed Fry,FALSE,Coho
59 FALSE, 162 ,Koksilah River,Fed Fry,FALSE,"Chum, Coho"
726 FALSE, 157 ,Hyacinthe Creek,Fed Fry,FALSE,Coho
1170 FALSE, 155 ,Wiley Creek,Fed Fry,FALSE,Coho
1305 FALSE, 151 ,Rainy Creek,Fed Fry,FALSE,Coho
1324 FALSE, 148 ,Tatchun River,Fed Fry,FALSE,Chinook
106 FALSE, 147 ,Greig Creek/Strait of Georgia Vancouver Island,Fed Fry,FALSE,"Chum, Coho"
65 FALSE, 147 ,Roe Creek,Fed Fry,FALSE,"Chum, Coho"
1263 FALSE, 146 ,Kitwanga River,Fed Fry,FALSE,Coho
316 FALSE, 134 ,Bloods Creek,Fed Fry,FALSE,Coho
1265 FALSE, 125 ,Zolzap Creek,Fed Fry,FALSE,Coho
1328 FALSE, 125 ,Porcupine River,Fed Fry,FALSE,Chum
1246 FALSE, 123 ,Fulton River,Fed Fry,FALSE,Coho
72 FALSE, 122 ,Averill Creek,Fed Fry,FALSE,"Chum, Coho"
883 FALSE, 120 ,Wa'wis Creek,Fed Fry,FALSE,Coho
1275 FALSE, 110 ,Moonlit Creek,Fed Fry,FALSE,Coho
1313 FALSE, 105 ,Morley River,Fed Fry,FALSE,Chinook
1323 FALSE, 104 ,Blind Creek,Fed Fry,FALSE,Chinook
188 FALSE, 100 ,Mackenzie Creek,Fed Fry,FALSE,Coho
934 FALSE, 100 ,Kingcome River,Fed Fry,FALSE,Coho
1302 FALSE, 99 ,Swan Lake,Fed Fry,FALSE,Coho
513 FALSE, 98 ,Magnesia Creek,Fed Fry,FALSE,Chum
67 FALSE, 98 ,Bings Creek,Fed Fry,FALSE,Chum
94 FALSE, 97 ,Swordfern Creek,Fed Fry,FALSE,"Chum, Coho"
714 FALSE, 96 ,Larson Meadow,Fed Fry,FALSE,Coho
602 FALSE, 96 ,Scales Creek,Fed Fry,FALSE,Coho
1024 FALSE, 95 ,Albreda River,Fed Fry,FALSE,Coho
530 FALSE, 95 ,Beulah Creek,Fed Fry,FALSE,Coho
238 FALSE, 95 ,Mallett Creek,Fed Fry,FALSE,"Chum, Coho"
95 FALSE, 93 ,Miracle Creek,Fed Fry,FALSE,"Chum, Coho"
897 FALSE, 92 ,Little Tsulquate River,Fed Fry,FALSE,Coho
394 FALSE, 84 ,Taylor Creek,Fed Fry,FALSE,Chum
1141 FALSE, 83 ,Rennie Creek,Fed Fry,FALSE,Coho
1168 FALSE, 82 ,Wylie Creek,Fed Fry,FALSE,Coho
1282 FALSE, 79 ,McQueen Creek,Fed Fry,FALSE,Coho
1101 FALSE, 75 ,Charlie Hartie Creek,Fed Fry,FALSE,Coho
812 FALSE, 74 ,Nequiltpaalis Creek,Fed Fry,FALSE,Coho
1241 FALSE, 71 ,Dahlie Creek,Fed Fry,FALSE,Coho
1326 FALSE, 68 ,Klondike River,Fed Fry,FALSE,Chinook
690 FALSE, 65 ,Haig-Brown K'fishr,Fed Fry,FALSE,Coho
978 FALSE, 60 ,Blue River,Fed Fry,FALSE,Coho
446 FALSE, 58 ,Wood Creek,Fed Fry,FALSE,Chum
1320 FALSE, 57 ,Takhini River,Fed Fry,FALSE,Chinook
444 FALSE, 56 ,Larson Creek,Fed Fry,FALSE,"Chum, Coho"
1276 FALSE, 56 ,Babine River,Fed Fry,FALSE,Chinook
599 FALSE, 56 ,Brennan Peak Channel,Fed Fry,FALSE,Coho
498 FALSE, 52 ,Lions Bay,Fed Fry,FALSE,Coho
275 FALSE, 50 ,Musqueam Creek,Fed Fry,FALSE,Chum
458 FALSE, 50 ,Hotspring Creek,Fed Fry,FALSE,Coho
1180 FALSE, 40 ,McBride Creek,Fed Fry,FALSE,Chinook
666 FALSE, 40 ,Storey Creek,Fed Fry,FALSE,Coho
245 FALSE, 37 ,Robson Creek,Fed Fry,FALSE,Chum
435 FALSE, 20 ,Houlgate Creek,Fed Fry,FALSE,Chum